Business Name,Category,Phone,Address,Website,Location,Rating,Reviews,Hours / Status,Google Maps URL
Ujwal Beauty Parlour,Make-up artist,084088 66042," Shop No3, Sai Baba Nagar, Near, Wangi Rd, Ambika Nagar, Parbhani, Maharashtra 431401",," 7QFV+FQ Parbhani, Maharashtra",,, Restaurants  Hotels  Things to do  Transit  Parking  Pharmacies  ATMs,https://www.google.com/maps/place/Ujwal+Beauty+Parlour/data=!4m7!3m6!1s0x3bd0190027ed322b:0x2c24557b5e04bbc0!8m2!3d19.2736682!4d76.7944205!16s%2Fg%2F11y34lzkzy!19sChIJKzLtJwAZ0DsRwLsEXntVJCw?authuser=0&hl=en&g_ep=EgoyMDI2MDkyMy4wIJJjKgBIAVAD&rclk=1
MS Hair Studio,Beauty Parlour,088886 84072," Kali kaman, Mato Shree, Anand Nagar, Parbhani, Maharashtra 431401",https://youtu.be/C5S719QvCKA," 7Q3V+99 Parbhani, Maharashtra",3.9,34 reviews, Restaurants  Hotels  Things to do  Transit  Parking  Pharmacies  ATMs,https://www.google.com/maps/place/MS+Hair+Studio/data=!4m7!3m6!1s0x3bd0182c257486b3:0x9f25fb2d9f466710!8m2!3d19.2534875!4d76.7934005!16s%2Fg%2F11g873b1kg!19sChIJs4Z0JSwY0DsREGdGny37JZ8?authuser=0&hl=en&g_ep=EgoyMDI2MDkyMy4wIJJjKgBIAVAD&rclk=1
M-Hair Studio,Hairdresser,," Nemikrupa complex,infront of shivaji collage, Basmat Rd, Ramkrishna Nagar, Parbhani, Maharashtra 431401",," 7Q5M+5G Parbhani, Maharashtra",4.3,51 reviews, Restaurants  Hotels  Things to do  Transit  Parking  Pharmacies  ATMs,https://www.google.com/maps/place/M-Hair+Studio/data=!4m7!3m6!1s0x3bd018345b3ec8db:0x1d046464f093a218!8m2!3d19.2579355!4d76.783763!16s%2Fg%2F11g9mg569v!19sChIJ28g-WzQY0DsRGKKT8GRkBB0?authuser=0&hl=en&g_ep=EgoyMDI2MDkyMy4wIJJjKgBIAVAD&rclk=1
Omal mehandi artist and classes,Beauty Parlour,," 7Q8P+G6Q, Lokamanya Nagar, Parbhani, Maharashtra 431401",,,,, Restaurants  Hotels  Things to do  Transit  Parking  Pharmacies  ATMs,https://www.google.com/maps/place/Omal+mehandi+artist+and+classes/data=!4m7!3m6!1s0x3bd019001b2fb3e1:0xb0a14c4249399003!8m2!3d19.2663479!4d76.785603!16s%2Fg%2F11zbp8m49l!19sChIJ4bMvGwAZ0DsRA5A5SUJMobA?authuser=0&hl=en&g_ep=EgoyMDI2MDkyMy4wIJJjKgBIAVAD&rclk=1
AISHWARYA BEAUTY PARLOUR,Make-up artist,094032 21078," Shop No 50, Kranti Chowk, Gandhi Park, Parbhani, Maharashtra 431401",," 7Q8C+PW Parbhani, Maharashtra",,, Restaurants  Hotels  Things to do  Transit  Parking  Pharmacies  ATMs,https://www.google.com/maps/place/AISHWARYA+BEAUTY+PARLOUR/data=!4m7!3m6!1s0x3bd019c30d90380f:0xadddba56cdfef81c!8m2!3d19.2668036!4d76.7722514!16s%2Fg%2F11tk4gdgmh!19sChIJDziQDcMZ0DsRHPj-zVa63a0?authuser=0&hl=en&g_ep=EgoyMDI2MDkyMy4wIJJjKgBIAVAD&rclk=1
Kaya Beauty parlour,Beauty Parlour,094235 76011," Row House No.222, Smart City, Parbhani - Basmat Rd, near Jio petrol pump, Parisar, Karegaon, Maharashtra 431402",," 7R6C+2G Karegaon, Maharashtra",5.0,2 reviews, Restaurants  Hotels  Things to do  Transit  Parking  Pharmacies  ATMs,https://www.google.com/maps/place/Kaya+Beauty+parlour/data=!4m7!3m6!1s0x3bd01975d32f5139:0xa282e9085349b6a5!8m2!3d19.2601091!4d76.8213259!16s%2Fg%2F11vjdrcggz!19sChIJOVEv03UZ0DsRpbZJUwjpgqI?authuser=0&hl=en&g_ep=EgoyMDI2MDkyMy4wIJJjKgBIAVAD&rclk=1
Golden beauty spa,Beauty Parlour,088056 42437," Dnyaneshwar nagar, Mumtaz Nagar, Parbhani, Maharashtra 431401",," 7Q9P+F5 Parbhani, Maharashtra",5.0,2 reviews, Restaurants  Hotels  Things to do  Transit  Parking  Pharmacies  ATMs,https://www.google.com/maps/place/Golden+beauty+spa/data=!4m7!3m6!1s0x3bd019efb6355b73:0x7c18cd5ac1035487!8m2!3d19.2686267!4d76.7854152!16s%2Fg%2F11lvb_n2jt!19sChIJc1s1tu8Z0DsRh1QDwVrNGHw?authuser=0&hl=en&g_ep=EgoyMDI2MDkyMy4wIJJjKgBIAVAD&rclk=1
Kartiki's Beauty Academy,Beauty Parlour,," Basmat Rd, Ramkrishna Nagar, Parbhani, Maharashtra 431401",," 7Q4M+CF Parbhani, Maharashtra",4.9,56 reviews, Restaurants  Hotels  Things to do  Transit  Parking  Pharmacies  ATMs,https://www.google.com/maps/place/Kartiki%27s+Beauty+Academy/data=!4m7!3m6!1s0x3bd017a7f3ec74e3:0x61f223e06ee35ba3!8m2!3d19.2561035!4d76.7837265!16s%2Fg%2F11ghdjkg4q!19sChIJ43Ts86cX0DsRo1vjbuAj8mE?authuser=0&hl=en&g_ep=EgoyMDI2MDkyMy4wIJJjKgBIAVAD&rclk=1
Sangam Beauty Parlour,Hair salon,094057 66477," Shop No 01, Old Pedgaon Rd, Prabhavati Nagar, Parbhani, Maharashtra 431401",," 7QG5+83 Parbhani, Maharashtra",4.3,3 reviews, Restaurants  Hotels  Things to do  Transit  Parking  Pharmacies  ATMs,https://www.google.com/maps/place/Sangam+Beauty+Parlour/data=!4m7!3m6!1s0x3bd0176083274eb9:0xba0efd4181196a8d!8m2!3d19.2758561!4d76.7576901!16s%2Fg%2F11btvb9hlb!19sChIJuU4ng2AX0DsRjWoZgUH9Dro?authuser=0&hl=en&g_ep=EgoyMDI2MDkyMy4wIJJjKgBIAVAD&rclk=1
GSB Mall,Shopping mall,094208 85333," Visava coener, Rup Niwas, 222, Jintur Rd, Trimurti Nagar, Parbhani, Maharashtra 431401",," 7QJ5+MG Parbhani, Maharashtra",4.5,6 reviews, Restaurants  Hotels  Things to do  Transit  Parking  Pharmacies  ATMs,https://www.google.com/maps/place/GSB+Mall/data=!4m7!3m6!1s0x3bd017e662b6aa43:0x7f4b0715d80497a1!8m2!3d19.2816508!4d76.758781!16s%2Fg%2F11hz4166w1!19sChIJQ6q2YuYX0DsRoZcE2BUHS38?authuser=0&hl=en&g_ep=EgoyMDI2MDkyMy4wIJJjKgBIAVAD&rclk=1
Prince Family Hair Salon,Hair salon,095279 18147," Shop No 01, Basmat Rd, near Indian Petroleum, Vaibhav Nagar, Parbhani, Maharashtra 431401",," 7Q4Q+27 Parbhani, Maharashtra",4.8,22 reviews, Restaurants  Hotels  Things to do  Transit  Parking  Pharmacies  ATMs,https://www.google.com/maps/place/Prince+Family+Hair+Salon/data=!4m7!3m6!1s0x3bd019312bc3035b:0x98c66afa41e0fac3!8m2!3d19.2550433!4d76.7881867!16s%2Fg%2F11ytgr444_!19sChIJWwPDKzEZ0DsRw_rgQfpqxpg?authuser=0&hl=en&g_ep=EgoyMDI2MDkyMy4wIJJjKgBIAVAD&rclk=1
Neha's Beauty Parlor,Beauty Parlour,088559 03222," Basmat Rd, Sneh Nagar, Ekta Colony, Parbhani, Maharashtra 431401",," 7Q2R+79 Parbhani, Maharashtra",4.6,18 reviews, Restaurants  Hotels  Things to do  Transit  Parking  Pharmacies  ATMs,https://www.google.com/maps/place/Neha%27s+Beauty+Parlor/data=!4m7!3m6!1s0x3bd0180e1fe87247:0x8d2141de76f09355!8m2!3d19.2507127!4d76.7909775!16s%2Fg%2F11dx92jkl_!19sChIJR3LoHw4Y0DsRVZPwdt5BIY0?authuser=0&hl=en&g_ep=EgoyMDI2MDkyMy4wIJJjKgBIAVAD&rclk=1
Jawed Habib Hair & Beauty Salon,Health and beauty shop,080556 67775," Rani, Deosarkar Complex, Maharani Laxmibai Rd, near Old Rajhans Hotel, Parbhani, Maharashtra 431401",https://jawedhabib.org/maharani-laxmibai-road-parbhani.html," 7Q69+P8 Parbhani, Maharashtra",,, Restaurants  Hotels  Things to do  Transit  Parking  Pharmacies  ATMs,https://www.google.com/maps/place/Jawed+Habib+Hair+%26+Beauty+Salon/data=!4m7!3m6!1s0x3bd0195fc4a4790f:0xca3ff7202329f3b3!8m2!3d19.2618638!4d76.7683145!16s%2Fg%2F11pycdwzf1!19sChIJD3mkxF8Z0DsRs_MpIyD3P8o?authuser=0&hl=en&g_ep=EgoyMDI2MDkyMy4wIJJjKgBIAVAD&rclk=1
SHRI HAIR DRESSERS,Hair salon,094054 14705," Parbhani - Basmat Rd, near Shivshakti, Vaibhav Nagar, Parbhani, Maharashtra 431401",," 7Q3Q+RJ Parbhani, Maharashtra",3.7,13 reviews, Restaurants  Hotels  Things to do  Transit  Parking  Pharmacies  ATMs,https://www.google.com/maps/place/SHRI+HAIR+DRESSERS/data=!4m7!3m6!1s0x3bd0195e3df03e75:0x4da509bb13fbc255!8m2!3d19.2545869!4d76.7890222!16s%2Fg%2F11rzb9xd8s!19sChIJdT7wPV4Z0DsRVcL7E7sJpU0?authuser=0&hl=en&g_ep=EgoyMDI2MDkyMy4wIJJjKgBIAVAD&rclk=1
Manali beauty parlor,Beauty Parlour,072761 41112," Tuljai, Ekta Colony, Parbhani, Maharashtra 431401",," 7Q3V+28 Parbhani, Maharashtra",,, Restaurants  Hotels  Things to do  Transit  Parking  Pharmacies  ATMs,https://www.google.com/maps/place/Manali+beauty+parlor/data=!4m7!3m6!1s0x3bd01917a16b533d:0xf4a935155d8886b!8m2!3d19.2525877!4d76.7933167!16s%2Fg%2F11nr4rlr8d!19sChIJPVNroRcZ0DsRa4jYVVGTSg8?authuser=0&hl=en&g_ep=EgoyMDI2MDkyMy4wIJJjKgBIAVAD&rclk=1
New Blush Beauty Parlour,Beauty Parlour,098343 55967," Shop No 1, Saraswati Nagar, Balram Nagar, Parbhani, Maharashtra 431401",," 7QH9+Q5 Parbhani, Maharashtra",5.0,1 review, Restaurants  Hotels  Things to do  Transit  Parking  Pharmacies  ATMs,https://www.google.com/maps/place/New+Blush+Beauty+Parlour/data=!4m7!3m6!1s0x3bd017de10021983:0x9d9fa9cce622f4a3!8m2!3d19.2794256!4d76.7679413!16s%2Fg%2F11sgkyzh5t!19sChIJgxkCEN4X0DsRo_Qi5sypn50?authuser=0&hl=en&g_ep=EgoyMDI2MDkyMy4wIJJjKgBIAVAD&rclk=1
Sejal Beauty Parlour,Beauty Parlour,090967 23348," Balaji nagar, Old Pedgaon Rd, Balaji Nagar, Parbhani, Maharashtra 431401",," 7QJ2+47 Parbhani, Maharashtra",5.0,2 reviews, Restaurants  Hotels  Things to do  Transit  Parking  Pharmacies  ATMs,https://www.google.com/maps/place/Sejal+Beauty+Parlour/data=!4m7!3m6!1s0x3bd0170012fedb31:0x1b95e732b24498d!8m2!3d19.2803365!4d76.7507464!16s%2Fg%2F11vwk4w8k3!19sChIJMdv-EgAX0DsRjUkkK3NeuQE?authuser=0&hl=en&g_ep=EgoyMDI2MDkyMy4wIJJjKgBIAVAD&rclk=1
SAMIDHA BEAUTY PARLOUR &BRIDAL MAKEUP STUDIO,Make-up artist,," kranti chowk, Gandhi Park, Parbhani, Maharashtra 431401",," 7Q8C+PW Parbhani, Maharashtra",,, Restaurants  Hotels  Things to do  Transit  Parking  Pharmacies  ATMs,https://www.google.com/maps/place/SAMIDHA+BEAUTY+PARLOUR+%26BRIDAL+MAKEUP+STUDIO/data=!4m7!3m6!1s0x3bd0190069770d37:0xdcccdeeaf08c2aac!8m2!3d19.2668279!4d76.7723634!16s%2Fg%2F11z9qztzbm!19sChIJNw13aQAZ0DsRrCqM8OrezNw?authuser=0&hl=en&g_ep=EgoyMDI2MDkyMy4wIJJjKgBIAVAD&rclk=1
SAMRUDDHI BEAUTY PARLOUR AND SALON,Beauty Parlour,," Swachhata kamgar colony, Mumtaz Nagar Rd, Harsh Nagar, Mumtaz Nagar, Parbhani, Maharashtra 431401",," 7QCP+4J Parbhani, Maharashtra",,, Restaurants  Hotels  Things to do  Transit  Parking  Pharmacies  ATMs,https://www.google.com/maps/place/SAMRUDDHI+BEAUTY+PARLOUR+AND+SALON/data=!4m7!3m6!1s0x3bd019d28e8a41bf:0x3b46183de27695a2!8m2!3d19.2703379!4d76.7865201!16s%2Fg%2F11mlzsk7sk!19sChIJv0GKjtIZ0DsRopV24j0YRjs?authuser=0&hl=en&g_ep=EgoyMDI2MDkyMy4wIJJjKgBIAVAD&rclk=1
Tridev mens parlour. Midc cornar parbhani,Beauty Parlour,099708 47504," Midc cornar, Parbhani - Basmat Rd, Madhav Nagar, Parbhani, Maharashtra 431402",," 7R33+MC Parbhani, Maharashtra",,, Restaurants  Hotels  Things to do  Transit  Parking  Pharmacies  ATMs,https://www.google.com/maps/place/Tridev+mens+parlour.+Midc+cornar+parbhani/data=!4m7!3m6!1s0x3bd0198763f6bf6f:0x71159e18156aaea7!8m2!3d19.2541762!4d76.8035405!16s%2Fg%2F11fqd70lfp!19sChIJb7_2Y4cZ0DsRp65qFRieFXE?authuser=0&hl=en&g_ep=EgoyMDI2MDkyMy4wIJJjKgBIAVAD&rclk=1
Gajanan Gents Parlour,Hair salon,095185 88187," Shop No, 3, Dargah Rd, Shanti Nagar, Azam chowk, Parbhani, Maharashtra 431401",," 7QC4+JC Parbhani, Maharashtra",3.9,20 reviews, Restaurants  Hotels  Things to do  Transit  Parking  Pharmacies  ATMs,https://www.google.com/maps/place/Gajanan+Gents+Parlour/data=!4m7!3m6!1s0x3bd01965c588c77d:0x67c4283764b9e12b!8m2!3d19.2716228!4d76.7560383!16s%2Fg%2F11ggr784p4!19sChIJfceIxWUZ0DsRK-G5ZDcoxGc?authuser=0&hl=en&g_ep=EgoyMDI2MDkyMy4wIJJjKgBIAVAD&rclk=1
Icecream Basket Parbhani,Ice cream shop,095276 51036," near Deshmukh Hotel, beside Aaradhya Net cafe, Samzota Colony, Vikas Nagar, Parbhani, Maharashtra 431401",https://bgdngroup.com/," 7Q5R+R9 Parbhani, Maharashtra",5.0,200 reviews, Nearby restaurants  Hotels  Things to do  Bars  Coffee  Takeout  Groceries,https://www.google.com/maps/place/Icecream+Basket+Parbhani/data=!4m7!3m6!1s0x3bd019988256407d:0x19e8c9859b98a032!8m2!3d19.2595152!4d76.7909404!16s%2Fg%2F11m5jh2j66!19sChIJfUBWgpgZ0DsRMqCYm4XJ6Bk?authuser=0&hl=en&g_ep=EgoyMDI2MDkyMy4wIJJjKgBIAVAD&rclk=1
Maya Beauty Parlour,,," 7QCQ+893, Wangi Rd, Ajintha Nagar, Amim Colony, Parbhani, Maharashtra 431401",,,,, Restaurants  Hotels  Things to do  Transit  Parking  Pharmacies  ATMs,https://www.google.com/maps/place/Maya+Beauty+Parlour/data=!4m7!3m6!1s0x3bd018292072e8b5:0xe4a9939bead76679!8m2!3d19.2707638!4d76.7884343!16s%2Fg%2F11z8p8jv5g!19sChIJtehyICkY0DsReWbX6puTqeQ?authuser=0&hl=en&g_ep=EgoyMDI2MDkyMy4wIJJjKgBIAVAD&rclk=1
Sushma Beauty Parlour,Beauty Parlour,083292 47212," Krishi Sarathi Colony, Parbhani, Maharashtra 431401",https://www.instagram.com/sushma_samindre?igsh=MTZudW0zNnpodXpheQ==," 7Q3W+C4 Parbhani, Maharashtra",5.0,18 reviews, Restaurants  Hotels  Things to do  Transit  Parking  Pharmacies  ATMs,https://www.google.com/maps/place/Sushma+Beauty+Parlour/data=!4m7!3m6!1s0x3bd01985c18d54cb:0x1b6bbd17e7d7ba1!8m2!3d19.2535034!4d76.7953236!16s%2Fg%2F11ykkm8wld!19sChIJy1SNwYUZ0DsRoXt9ftG7tgE?authuser=0&hl=en&g_ep=EgoyMDI2MDkyMy4wIJJjKgBIAVAD&rclk=1
DHANRAJ HAIR CUTTING SALON,Hair salon,096047 56249," Shop No 01, Parbhani - Nanded Rd, New Mondha, Parbhani, Maharashtra 431401",," 7Q79+CR Parbhani, Maharashtra",,, Restaurants  Hotels  Things to do  Transit  Parking  Pharmacies  ATMs,https://www.google.com/maps/place/DHANRAJ+HAIR+CUTTING+SALON/data=!4m7!3m6!1s0x3bd01999f647c739:0xed1109002aba298!8m2!3d19.2635761!4d76.7695413!16s%2Fg%2F11yx_0n55f!19sChIJOcdH9pkZ0DsRmKKrApAQ0Q4?authuser=0&hl=en&g_ep=EgoyMDI2MDkyMy4wIJJjKgBIAVAD&rclk=1
Kritika Beauty Parlour,,," 7QCQ+8FQ, Wangi Rd, Ajintha Nagar, Amim Colony, Parbhani, Maharashtra 431401",,,,, Restaurants  Hotels  Things to do  Transit  Parking  Pharmacies  ATMs,https://www.google.com/maps/place/Kritika+Beauty+Parlour/data=!4m7!3m6!1s0x3bd01828de3c8547:0x8d9a116d0919548d!8m2!3d19.2708287!4d76.7887216!16s%2Fg%2F11nk11s22c!19sChIJR4U83igY0DsRjVQZCW0Rmo0?authuser=0&hl=en&g_ep=EgoyMDI2MDkyMy4wIJJjKgBIAVAD&rclk=1
Kartik Gents Parlor,Hair salon,098346 26436," 1122, Karegaon Rd, Madhav Nagar, Parbhani, Maharashtra 431402",," 7R36+G6 Parbhani, Maharashtra",1.0,1 review, Restaurants  Hotels  Things to do  Transit  Parking  Pharmacies  ATMs,https://www.google.com/maps/place/Kartik+Gents+Parlor/data=!4m7!3m6!1s0x3bd018133216b827:0x20c855417eee7a3a!8m2!3d19.2538026!4d76.8105741!16s%2Fg%2F11l65zpll0!19sChIJJ7gWMhMY0DsROnrufkFVyCA?authuser=0&hl=en&g_ep=EgoyMDI2MDkyMy4wIJJjKgBIAVAD&rclk=1
Umer's men's salon,Hairdresser,089566 61999," Gulshan Bagh, Super Market Rd, Vakil Colony, Parbhani, Maharashtra 401401",," 7Q8H+V4 Parbhani, Maharashtra",5.0,11 reviews, Restaurants  Hotels  Things to do  Transit  Parking  Pharmacies  ATMs,https://www.google.com/maps/place/Umer%27s+men%27s+salon/data=!4m7!3m6!1s0x3bd019a5d3023c6f:0xfdcc15687e3437b2!8m2!3d19.2672307!4d76.7777556!16s%2Fg%2F11zgcw4qmk!19sChIJbzwC06UZ0DsRsjc0fmgVzP0?authuser=0&hl=en&g_ep=EgoyMDI2MDkyMy4wIJJjKgBIAVAD&rclk=1
Fairglow Beauty Parlour,Beauty Parlour,," 7Q7V+92V, Datta Nagar, Vijayshree Nagar, Mangal Murti Nagar, Parbhani, Maharashtra 431401",,,4.4,5 reviews, Restaurants  Hotels  Things to do  Transit  Parking  Pharmacies  ATMs,https://www.google.com/maps/place/Fairglow+Beauty+Parlour/data=!4m7!3m6!1s0x3bd0183ab7266527:0xdd403b58044a87a8!8m2!3d19.263482!4d76.7925388!16s%2Fg%2F1hjh34r_t!19sChIJJ2UmtzoY0DsRqIdKBFg7QN0?authuser=0&hl=en&g_ep=EgoyMDI2MDkyMy4wIJJjKgBIAVAD&rclk=1
Glory Beauty Cosmetic And Parlour,Cosmetics store,070169 92969," Moti namkeen back site, Parbhani - Basmat Rd, near Sanjivani juice centre, Anand Nagar, Parbhani, Maharashtra 431401",," 7Q3R+W2 Parbhani, Maharashtra",3.7,11 reviews, Restaurants  Hotels  Things to do  Transit  Parking  Pharmacies  ATMs,https://www.google.com/maps/place/Glory+Beauty+Cosmetic+And+Parlour/data=!4m7!3m6!1s0x3bd01922b901a9b5:0xa202a659b5f3c646!8m2!3d19.2548349!4d76.7900295!16s%2Fg%2F11wc3kt73q!19sChIJtakBuSIZ0DsRRsbztVmmAqI?authuser=0&hl=en&g_ep=EgoyMDI2MDkyMy4wIJJjKgBIAVAD&rclk=1
Saaj Beauty Parlour,Beauty Parlour,098500 67589," Subhash Rd, Bhajan Galli, Parbhani, Maharashtra 431401",https://instagram.com/saaj_parlour?igshid=YmMyMTA2M2Y=," 7QC9+94 Parbhani, Maharashtra",4.6,67 reviews, Restaurants  Hotels  Things to do  Transit  Parking  Pharmacies  ATMs,https://www.google.com/maps/place/Saaj+Beauty+Parlour/data=!4m7!3m6!1s0x3bd019d705210ac3:0x278188ca2cbf2c13!8m2!3d19.2709851!4d76.7677828!16s%2Fg%2F11btwtwhd0!19sChIJwwohBdcZ0DsREyy_LMqIgSc?authuser=0&hl=en&g_ep=EgoyMDI2MDkyMy4wIJJjKgBIAVAD&rclk=1
Rupsangam Beauty parlour,Beauty Parlour,," Karegaon Rd, Venkatesh Nagar, Parbhani, Maharashtra 431401",," 7Q5R+6P Parbhani, Maharashtra",,, Restaurants  Hotels  Things to do  Transit  Parking  Pharmacies  ATMs,https://www.google.com/maps/place/Rupsangam+Beauty+parlour/data=!4m7!3m6!1s0x3bd019005550bfb5:0x3ed22d1e8e970d7d!8m2!3d19.2580012!4d76.7917528!16s%2Fg%2F11whwr12kh!19sChIJtb9QVQAZ0DsRfQ2Xjh4t0j4?authuser=0&hl=en&g_ep=EgoyMDI2MDkyMy4wIJJjKgBIAVAD&rclk=1
Yashshree Beauty Parlour,Health and beauty shop,096895 02998," Qwerasdfqq Hadco, Acharya Nagar, Parbhani, Maharashtra 431401",," 7Q3R+J4 Parbhani, Maharashtra",,, Restaurants  Hotels  Things to do  Transit  Parking  Pharmacies  ATMs,https://www.google.com/maps/place/Yashshree+Beauty+Parlour/data=!4m7!3m6!1s0x3bd019a26862bfc1:0x71ab0b1dae82452e!8m2!3d19.2540771!4d76.7903124!16s%2Fg%2F11xvtjr252!19sChIJwb9iaKIZ0DsRLkWCrh0Lq3E?authuser=0&hl=en&g_ep=EgoyMDI2MDkyMy4wIJJjKgBIAVAD&rclk=1
Shrungar Ladies Beauty parlour emporium,General store,093251 78999," 431401, goverdhan complaycksMamta cornar, Maharashtra 431401",," 7Q5V+JF Parbhani, Maharashtra",3.8,5 reviews, Restaurants  Hotels  Things to do  Transit  Parking  Pharmacies  ATMs,https://www.google.com/maps/place/Shrungar+Ladies+Beauty+parlour+emporium/data=!4m7!3m6!1s0x3bd0183a306168a5:0xedf44d3ca6495a52!8m2!3d19.2590668!4d76.7937131!16s%2Fg%2F11dx9604mm!19sChIJpWhhMDoY0DsRUlpJpjxN9O0?authuser=0&hl=en&g_ep=EgoyMDI2MDkyMy4wIJJjKgBIAVAD&rclk=1
Padmini Beauty Parlour,Beauty Parlour,," Swanand Nivas, near jankalyan bank, Swapnapurti, Ramkrishna Nagar, Parbhani, Maharashtra 431401",," 7Q3P+F9 Parbhani, Maharashtra",,, Restaurants  Hotels  Things to do  Transit  Parking  Pharmacies  ATMs,https://www.google.com/maps/place/Padmini+Beauty+Parlour/data=!4m7!3m6!1s0x3bd019001c5fb273:0xd83c0f1f98ccbea1!8m2!3d19.2536272!4d76.7859513!16s%2Fg%2F11y_clwc_r!19sChIJc7JfHAAZ0DsRob7MmB8PPNg?authuser=0&hl=en&g_ep=EgoyMDI2MDkyMy4wIJJjKgBIAVAD&rclk=1
Sanskruti Beauty and Spy,Beauty Parlour,076669 33319," Parbhani - Basmat Rd, in front of Kisan Mall, beside HDFC Bank, Vivek Nagar, Acharya Nagar, Parbhani, Maharashtra 431401",," 7Q3R+H6 Parbhani, Maharashtra",,, Restaurants  Hotels  Things to do  Transit  Parking  Pharmacies  ATMs,https://www.google.com/maps/place/Sanskruti+Beauty+and+Spy/data=!4m7!3m6!1s0x3bd0197e29d7348b:0xbb421fde26d5c37d!8m2!3d19.2539648!4d76.7906076!16s%2Fg%2F11xzd0c63v!19sChIJizTXKX4Z0DsRfcPVJt4fQrs?authuser=0&hl=en&g_ep=EgoyMDI2MDkyMy4wIJJjKgBIAVAD&rclk=1
Shri Radhe beauty parlour and ladies fashion,Beauty Parlour,," Saraswati 164, Prabhavati Nagar, Parbhani, Maharashtra 431401",," 7QH4+VP Parbhani, Maharashtra",5.0,1 review, Restaurants  Hotels  Things to do  Transit  Parking  Pharmacies  ATMs,https://www.google.com/maps/place/Shri+Radhe+beauty+parlour+and+ladies+fashion/data=!4m7!3m6!1s0x3bd01791f312a30b:0xc1867f5b9b890a3e!8m2!3d19.2796393!4d76.7567803!16s%2Fg%2F11l22r3myl!19sChIJC6MS85EX0DsRPgqJm1t_hsE?authuser=0&hl=en&g_ep=EgoyMDI2MDkyMy4wIJJjKgBIAVAD&rclk=1
Beauty parlour,Make-up artist,," Karegaon Rd, near water tank, Gajanan Nagar, Mamta colony, Parbhani, Maharashtra 431421",," 7Q5V+GW Parbhani, Maharashtra",,, Restaurants  Hotels  Things to do  Transit  Parking  Pharmacies  ATMs,https://www.google.com/maps/place/Beauty+parlour/data=!4m7!3m6!1s0x3bd01966ca42edb9:0x4ac307978431634c!8m2!3d19.2588689!4d76.7947592!16s%2Fg%2F11z0lf721l!19sChIJue1CymYZ0DsRTGMxhJcHw0o?authuser=0&hl=en&g_ep=EgoyMDI2MDkyMy4wIJJjKgBIAVAD&rclk=1
Jyoti Hair Saloon,Beauty Parlour,090282 36857," 7QC8+555, Roshan Khan Mohalla, Shastri Nagar, Parbhani, Maharashtra 431401",,,,, Restaurants  Hotels  Things to do  Transit  Parking  Pharmacies  ATMs,https://www.google.com/maps/place/Jyoti+Hair+Saloon/data=!4m7!3m6!1s0x3bd019d9aa44889d:0x227079bc3fd73c69!8m2!3d19.2703958!4d76.7654725!16s%2Fg%2F11jzqr6pq_!19sChIJnYhEqtkZ0DsRaTzXP7x5cCI?authuser=0&hl=en&g_ep=EgoyMDI2MDkyMy4wIJJjKgBIAVAD&rclk=1
Pooja Beauty Parlour,Barber shop,084217 28138," Shop No 1, Eknath Nagar, Nath Nagar, Parbhani, Maharashtra 431401",," 7QJ7+H6 Parbhani, Maharashtra",,, Restaurants  Hotels  Things to do  Transit  Parking  Pharmacies  ATMs,https://www.google.com/maps/place/Pooja+Beauty+Parlour/data=!4m7!3m6!1s0x3bd01708ecb9cae7:0xdfc86448fea25bd8!8m2!3d19.2814253!4d76.763116!16s%2Fg%2F11s9vv09p6!19sChIJ58q57AgX0DsR2Fui_khkyN8?authuser=0&hl=en&g_ep=EgoyMDI2MDkyMy4wIJJjKgBIAVAD&rclk=1
Vaishnavi Beauty parlour,Beauty Parlour,," 7QF8+X3C, Datta Nagar, Trimurti Nagar, Parbhani, Maharashtra 431401",,,,, Restaurants  Hotels  Things to do  Transit  Parking  Pharmacies  ATMs,https://www.google.com/maps/place/Vaishnavi+Beauty+parlour/data=!4m7!3m6!1s0x3bd017003f092f7f:0x9f05df4a6d304c19!8m2!3d19.2749427!4d76.7651425!16s%2Fg%2F11yvj27c6m!19sChIJfy8JPwAX0DsRGUwwbUrfBZ8?authuser=0&hl=en&g_ep=EgoyMDI2MDkyMy4wIJJjKgBIAVAD&rclk=1
Anushka Beauty Parlour,Massage spa,096739 05040," Shop No4 Parsavat Nagar, Road, near Azziziya Nagar, opp. Surekha Emporium Line, Parbhani, Maharashtra 431401",," 7Q65+Q9 Parbhani, Maharashtra",5.0,1 review, Restaurants  Hotels  Things to do  Transit  Parking  Pharmacies  ATMs,https://www.google.com/maps/place/Anushka+Beauty+Parlour/data=!4m7!3m6!1s0x3bd019d3d4059599:0xfc1c9a531c8be297!8m2!3d19.2619218!4d76.7584407!16s%2Fg%2F11vjjghj96!19sChIJmZUF1NMZ0DsRl-KLHFOaHPw?authuser=0&hl=en&g_ep=EgoyMDI2MDkyMy4wIJJjKgBIAVAD&rclk=1
bigbosshairstylish salon,Nail salon,," HPSBA-41438, Sarnath Colony, Parbhani, Maharashtra 431401",https://www.instagram.com/big_boss_hair_stylish?igsi=bHBveXRpbm5nbDk5," 7QGH+W9 Parbhani, Maharashtra",,, Restaurants  Hotels  Things to do  Transit  Parking  Pharmacies  ATMs,https://www.google.com/maps/place/bigbosshairstylish+salon/data=!4m7!3m6!1s0x3bd017006944f9a3:0xee5f59846d346778!8m2!3d19.277327!4d76.7784753!16s%2Fg%2F11zf3tnfhb!19sChIJo_lEaQAX0DsReGc0bYRZX-4?authuser=0&hl=en&g_ep=EgoyMDI2MDkyMy4wIJJjKgBIAVAD&rclk=1
Zainab Beuty Parlour & Ladies Wear,Beauty Parlour,086687 85705," 7Q98+RX, Roshan Khan Mohalla, Shastri Nagar, Parbhani, Maharashtra 431401",,,5.0,13 reviews, Directions  Save  Nearby  Send to phone  Share,https://www.google.com/maps/place/Zainab+Beuty+Parlour+%26+Ladies+Wear/data=!4m7!3m6!1s0x3bd019db8fbd579d:0x1906aa07bfbedfd9!8m2!3d19.2695976!4d76.7674938!16s%2Fg%2F11vlh8qrff!19sChIJnVe9j9sZ0DsR2d--vweqBhk?authuser=0&hl=en&g_ep=EgoyMDI2MDkyMy4wIJJjKgBIAVAD&rclk=1
Royal beauty salon,Beauty Parlour,073855 77652," Bhim Nagar, Apana Nagar, Parbhani, Bramhangaon, Maharashtra 431402",https://www.instagram.com/royal.beautyparlour22?igsh=MXVhNm1wZmc5NzRmOA==," 7Q66+4R Parbhani, Maharashtra",5.0,1 review, Directions  Save  Nearby  Send to phone  Share,https://www.google.com/maps/place/Royal+beauty+salon/data=!4m7!3m6!1s0x3bd01b1546fa7695:0x1e8db13c5bd2610!8m2!3d19.2603099!4d76.7621217!16s%2Fg%2F11ytg77svx!19sChIJlXb6RhUb0DsRECa9xRPb6AE?authuser=0&hl=en&g_ep=EgoyMDI2MDkyMy4wIJJjKgBIAVAD&rclk=1
Sumit beauty parlour,,," kranti chowk, deshpande hospitel front, Ground floor Subheadar complex Bhaji market, side, Parbhani, Maharashtra 431401",," 7Q8C+PX Parbhani, Maharashtra",,, Restaurants  Hotels  Things to do  Transit  Parking  Pharmacies  ATMs,https://www.google.com/maps/place/Sumit+beauty+parlour/data=!4m7!3m6!1s0x3bd0190071f0b987:0xe5f040f676e0f73e!8m2!3d19.2667788!4d76.772468!16s%2Fg%2F11zg52p4lm!19sChIJh7nwcQAZ0DsRPvfgdvZA8OU?authuser=0&hl=en&g_ep=EgoyMDI2MDkyMy4wIJJjKgBIAVAD&rclk=1
Krutika Beauty Parlour,Make-up artist,095528 78358," Shop no.3, Mumtaz Nagar Rd, Ajintha Nagar, Amim Colony, Parbhani, Maharashtra 431401",," 7QCQ+9J Parbhani, Maharashtra",,, Directions  Save  Nearby  Send to phone  Share,https://www.google.com/maps/place/Krutika+Beauty+Parlour/data=!4m7!3m6!1s0x3bd019b38f1a648d:0xe6f58c3039f25b0e!8m2!3d19.2708896!4d76.7890232!16s%2Fg%2F11y7r2sbql!19sChIJjWQaj7MZ0DsRDlvyOTCM9eY?authuser=0&hl=en&g_ep=EgoyMDI2MDkyMy4wIJJjKgBIAVAD&rclk=1
Soundarya beauty parlour,Beauty Parlour,099756 49038," kranti chowk, deshpande hospitel front, Ground floor Subheadar complex Bhaji market, side, Parbhani, Maharashtra 431401",," 7Q8C+PX Parbhani, Maharashtra",4.9,488 reviews, Restaurants  Hotels  Things to do  Transit  Parking  Pharmacies  ATMs,https://www.google.com/maps/place/Soundarya+beauty+parlour/data=!4m7!3m6!1s0x3bd017ed84fec153:0x1abc53a34e8901d!8m2!3d19.2667788!4d76.772468!16s%2Fg%2F11fct4krq1!19sChIJU8H-hO0X0DsRHZDoNDrFqwE?authuser=0&hl=en&g_ep=EgoyMDI2MDkyMy4wIJJjKgBIAVAD&rclk=1
Yuvanshi Beauty Parlour,Beauty Parlour,084217 94030," Shreechaya building, 1st floor, Gangaputra colony, Dargah Rd, near durgha mata temple, Balaji Nagar, Parbhani, Maharashtra 431401",," 7QC5+X6 Parbhani, Maharashtra",5.0,10 reviews, Restaurants  Hotels  Things to do  Transit  Parking  Pharmacies  ATMs,https://www.google.com/maps/place/Yuvanshi+Beauty+Parlour/data=!4m7!3m6!1s0x3bd019a8dc46b31f:0x9f9a17d37b8a964d!8m2!3d19.2724684!4d76.7580166!16s%2Fg%2F11y5gzlv8p!19sChIJH7NG3KgZ0DsRTZaKe9MXmp8?authuser=0&hl=en&g_ep=EgoyMDI2MDkyMy4wIJJjKgBIAVAD&rclk=1
Rupam beauty parlour,Beauty Parlour,," 7Q4W+F9F, Prakash Nagar, Krishi Sarathi Colony, Parbhani, Maharashtra 431401",,,,, Restaurants  Hotels  Things to do  Transit  Parking  Pharmacies  ATMs,https://www.google.com/maps/place/Rupam+beauty+parlour/data=!4m7!3m6!1s0x3bd019006a0f5be7:0xf28ecccaec4cea20!8m2!3d19.2561825!4d76.7959108!16s%2Fg%2F11mkzrcg4y!19sChIJ51sPagAZ0DsRIOpM7MrMjvI?authuser=0&hl=en&g_ep=EgoyMDI2MDkyMy4wIJJjKgBIAVAD&rclk=1
The Cabinet Salon. Parbhani,Beauty Parlour,091306 26970," 7Q3R+Q3H, Parbhani - Basmat Rd, Vaibhav Nagar, Parbhani, Maharashtra 431401",,,4.3,84 reviews, Restaurants  Hotels  Things to do  Transit  Parking  Pharmacies  ATMs,https://www.google.com/maps/place/The+Cabinet+Salon.+Parbhani/data=!4m7!3m6!1s0x3bd018368e1b6e23:0xcf31ba980417a619!8m2!3d19.2544335!4d76.7902394!16s%2Fg%2F11gbxj3y4p!19sChIJI24bjjYY0DsRGaYXBJi6Mc8?authuser=0&hl=en&g_ep=EgoyMDI2MDkyMy4wIJJjKgBIAVAD&rclk=1
Anandi beauty parlour,Beauty Parlour,," 7Q34+VVM, Indira Gandhi Nagar, Parbhani, Maharashtra 431401",,,5.0,1 review, Restaurants  Hotels  Things to do  Transit  Parking  Pharmacies  ATMs,https://www.google.com/maps/place/Anandi+beauty+parlour/data=!4m7!3m6!1s0x3bd019002c41ab53:0xd66bbe87d6e05a0b!8m2!3d19.2547192!4d76.7571636!16s%2Fg%2F11mdsl8qgg!19sChIJU6tBLAAZ0DsRC1rg1oe-a9Y?authuser=0&hl=en&g_ep=EgoyMDI2MDkyMy4wIJJjKgBIAVAD&rclk=1
Shrungar beauty parlour,Beauty Parlour,," 6RX3+PFR, Khanapur Fata, Parbhani, Maharashtra 431402",,,,, Restaurants  Hotels  Things to do  Transit  Parking  Pharmacies  ATMs,https://www.google.com/maps/place/Shrungar+beauty+parlour/data=!4m7!3m6!1s0x3bd0190077b79f31:0xc6b269d1e3a5831b!8m2!3d19.2493614!4d76.8036503!16s%2Fg%2F11zfbcxlcl!19sChIJMZ-3dwAZ0DsRG4Ol49FpssY?authuser=0&hl=en&g_ep=EgoyMDI2MDkyMy4wIJJjKgBIAVAD&rclk=1
GLAMUP BEAUTY ACADEMY Parbhani,Make-up artist,086687 32757," Rajendra Giri Nagar, Parbhani, Maharashtra 431401",," 7Q4X+8X Parbhani, Maharashtra",4.3,63 reviews, Restaurants  Hotels  Things to do  Transit  Parking  Pharmacies  ATMs,https://www.google.com/maps/place/GLAMUP+BEAUTY+ACADEMY+Parbhani/data=!4m7!3m6!1s0x3bd0183eff69025b:0x8388587a6029ec40!8m2!3d19.255758!4d76.799955!16s%2Fg%2F11c2r68273!19sChIJWwJp_z4Y0DsRQOwpYHpYiIM?authuser=0&hl=en&g_ep=EgoyMDI2MDkyMy4wIJJjKgBIAVAD&rclk=1
Glory Beauty Parlour,Beauty Parlour,," behind civil hospital, Shastri Nagar, Parbhani, Maharashtra 431401",," 7QF8+92 Parbhani, Maharashtra",4.5,233 reviews, Restaurants  Hotels  Things to do  Transit  Parking  Pharmacies  ATMs,https://www.google.com/maps/place/Glory+Beauty+Parlour/data=!4m7!3m6!1s0x3bd017481659fc71:0xe64f84a157ac1694!8m2!3d19.2734644!4d76.7650155!16s%2Fg%2F11g0dg54h5!19sChIJcfxZFkgX0DsRlBasV6GET-Y?authuser=0&hl=en&g_ep=EgoyMDI2MDkyMy4wIJJjKgBIAVAD&rclk=1
The Cabinet Salon,Beauty Parlour,070353 17035," Jintur Rd, behind Ganga automobiles, parbhy, Parbhani, Maharashtra 431401",," 7Q4Q+2F Parbhani, Maharashtra",4.6,21 reviews, Restaurants  Hotels  Things to do  Transit  Parking  Pharmacies  ATMs,https://www.google.com/maps/place/The+Cabinet+Salon/data=!4m7!3m6!1s0x3bd019b22ff6402f:0x2f24de5e33f1ddf!8m2!3d19.2550791!4d76.7886648!16s%2Fg%2F11pc9vy8qf!19sChIJL0D2L7IZ0DsR3x0_4-VN8gI?authuser=0&hl=en&g_ep=EgoyMDI2MDkyMy4wIJJjKgBIAVAD&rclk=1
RB Pro Make-up Studio,Make-up artist,," Audit nagar, Balaji Nagar, Parbhani, Maharashtra 431401",https://www.instagram.com/makeupartist_radhika_bahekar?igsh=ZTRoeHBnZDZteHpm," 7QJ4+74 Parbhani, Maharashtra",5.0,16 reviews, Restaurants  Hotels  Things to do  Transit  Parking  Pharmacies  ATMs,https://www.google.com/maps/place/RB+Pro+Make-up+Studio/data=!4m7!3m6!1s0x3bd017b6357b209b:0xf6f33b86d2368cc5!8m2!3d19.2807003!4d76.7553639!16s%2Fg%2F11z4t2sx49!19sChIJmyB7NbYX0DsRxYw20oY78_Y?authuser=0&hl=en&g_ep=EgoyMDI2MDkyMy4wIJJjKgBIAVAD&rclk=1
New Look Makeup studio & Academy,Make-up artist,," near Swami Samart Mandir, Sinchen Nagar, Trimurti Nagar, Parbhani, Maharashtra 431401",," 7QJ7+GW Parbhani, Maharashtra",3.7,3 reviews, Restaurants  Hotels  Things to do  Transit  Parking  Pharmacies  ATMs,https://www.google.com/maps/place/New+Look+Makeup+studio+%26+Academy/data=!4m7!3m6!1s0x3bd0171b1a4c9461:0x507c57fb88c49be1!8m2!3d19.2813159!4d76.764819!16s%2Fg%2F11t53vd98s!19sChIJYZRMGhsX0DsR4ZvEiPtXfFA?authuser=0&hl=en&g_ep=EgoyMDI2MDkyMy4wIJJjKgBIAVAD&rclk=1
Pratiksha Beauty world,Beauty Parlour,089562 37437," Sai Chowk, Nath Nagar, Parbhani, Maharashtra 431401",," 7QH8+VJ Parbhani, Maharashtra",4.8,14 reviews, Restaurants  Hotels  Things to do  Transit  Parking  Pharmacies  ATMs,https://www.google.com/maps/place/Pratiksha+Beauty+world/data=!4m7!3m6!1s0x3bd0177b6d76cb0d:0x87d9edbeaf409c7!8m2!3d19.2796438!4d76.7665668!16s%2Fg%2F11h9nl6f7s!19sChIJDct2bXsX0DsRxwn06tuefQg?authuser=0&hl=en&g_ep=EgoyMDI2MDkyMy4wIJJjKgBIAVAD&rclk=1
NEW LOOK HAIR SALON,Beauty Parlour,087880 48428," Old Pedgaon Rd, near post office, opposite navjivan colony, Balaji Nagar, Parbhani, Maharashtra 431401",," 7QH4+26 Parbhani, Maharashtra",,, Restaurants  Hotels  Things to do  Transit  Parking  Pharmacies  ATMs,https://www.google.com/maps/place/NEW+LOOK+HAIR+SALON/data=!4m7!3m6!1s0x3bd017f896f6a28b:0x918085cf528f0084!8m2!3d19.2775316!4d76.7555386!16s%2Fg%2F11lp2hql3f!19sChIJi6L2lvgX0DsRhACPUs-FgJE?authuser=0&hl=en&g_ep=EgoyMDI2MDkyMy4wIJJjKgBIAVAD&rclk=1
Saundrya beauty parlour,Beauty Parlour,," saundrya beauty parlour, Trimurti Nagar, Parbhani, Maharashtra 431401",," 7QH7+JJ Parbhani, Maharashtra",4.1,16 reviews, Restaurants  Hotels  Things to do  Transit  Parking  Pharmacies  ATMs,https://www.google.com/maps/place/Saundrya+beauty+parlour/data=!4m7!3m6!1s0x3bd017640cc0d59d:0x6ac495dea6465d45!8m2!3d19.2790836!4d76.7640269!16s%2Fg%2F11clsdzmpl!19sChIJndXADGQX0DsRRV1Gpt6VxGo?authuser=0&hl=en&g_ep=EgoyMDI2MDkyMy4wIJJjKgBIAVAD&rclk=1
Star Beauty Parlour And Makeup Classes,Beauty Parlour,093909 28029," near Parbhani, Trimurti Nagar, Parbhani, Maharashtra 431401",https://instagram.com/starbeautyparlour1984?igshid=NzZlODBkYWE4Ng==," 7QM5+7V Parbhani, Maharashtra",4.0,5 reviews, Directions  Save  Nearby  Send to phone  Share,https://www.google.com/maps/place/Star+Beauty+Parlour+And+Makeup+Classes/data=!4m7!3m6!1s0x3bd0171b369ed067:0xd3d2ec7f092ec949!8m2!3d19.2831809!4d76.7596557!16s%2Fg%2F11vk_46zvg!19sChIJZ9CeNhsX0DsRSckuCX_s0tM?authuser=0&hl=en&g_ep=EgoyMDI2MDkyMy4wIJJjKgBIAVAD&rclk=1
Mirror's Magic Grooming Studio,Hairdresser,070303 13330," Basera Complex, Nehru Rd, near RR Tower, Parbhani, Maharashtra 431401",," 7Q7C+W7 Parbhani, Maharashtra",4.5,23 reviews, Restaurants  Hotels  Things to do  Transit  Parking  Pharmacies  ATMs,https://www.google.com/maps/place/Mirror%27s+Magic+Grooming+Studio/data=!4m7!3m6!1s0x3bd0191b50b09907:0x4805a150cb8b14a0!8m2!3d19.2648244!4d76.7706881!16s%2Fg%2F11qntq3fz4!19sChIJB5mwUBsZ0DsRoBSLy1ChBUg?authuser=0&hl=en&g_ep=EgoyMDI2MDkyMy4wIJJjKgBIAVAD&rclk=1
Narmada Beauty Parlour,Beauty Parlour,088885 90446," Narmada Beauty Parlour, Ganpati chowk, Jintur Rd, near Parvati Mangal Karyalay, Khaja Colony, Trimurti Nagar, Parbhani, Maharashtra 431401",," 7QG6+V8 Parbhani, Maharashtra",5.0,4 reviews, Restaurants  Hotels  Things to do  Transit  Parking  Pharmacies  ATMs,https://www.google.com/maps/place/Narmada+Beauty+Parlour/data=!4m7!3m6!1s0x3bd0191a4c37eb33:0x62d6a16e3370fae!8m2!3d19.2771357!4d76.7608588!16s%2Fg%2F11p3hzcq60!19sChIJM-s3TBoZ0DsRrg834xZqLQY?authuser=0&hl=en&g_ep=EgoyMDI2MDkyMy4wIJJjKgBIAVAD&rclk=1
SANIKA Beauty Parlour,Beauty product supplier,," flat no.313, Dattadham parisar, Brahma apartment, Parbhani - Basmat Rd, Madhav Nagar, Karegaon, Maharashtra 431402",," 7R69+GM Karegaon, Maharashtra",,, Restaurants  Hotels  Things to do  Transit  Parking  Pharmacies  ATMs,https://www.google.com/maps/place/SANIKA+Beauty+Parlour/data=!4m7!3m6!1s0x3bd019a40f835f55:0xd4358644a937d73!8m2!3d19.2612721!4d76.8192187!16s%2Fg%2F11y__l74qg!19sChIJVV-DD6QZ0DsRc32TSmRYQw0?authuser=0&hl=en&g_ep=EgoyMDI2MDkyMy4wIJJjKgBIAVAD&rclk=1
Karate Master Satyajeet Khandke,Beauty Parlour,," 7R52+2R5, MIDC Rd, Maharashtra Industrial Development Corporation, Parbhani Industrial Area, Parbhani, Maharashtra 431402",,,,, Restaurants  Hotels  Things to do  Transit  Parking  Pharmacies  ATMs,https://www.google.com/maps/place/Karate+Master+Satyajeet+Khandke/data=!4m7!3m6!1s0x3bd019007f45f12d:0x761f8e1eb8b171e9!8m2!3d19.2575103!4d76.8021057!16s%2Fg%2F11msw6ml_j!19sChIJLfFFfwAZ0DsR6XGxuB6OH3Y?authuser=0&hl=en&g_ep=EgoyMDI2MDkyMy4wIJJjKgBIAVAD&rclk=1
Vijaya's beauty spa and makeup studio,Beauty Parlour,," 7Q89+942, New Mondha Rd, near Gavhane Road, New Mondha, Parbhani, Maharashtra 431401",,,4.2,13 reviews, Restaurants  Hotels  Things to do  Transit  Parking  Pharmacies  ATMs,https://www.google.com/maps/place/Vijaya%27s+beauty+spa+and+makeup+studio/data=!4m7!3m6!1s0x3bd019d0854ccb6b:0xe51309e72a08a3a2!8m2!3d19.2657397!4d76.7674319!16s%2Fg%2F11f_j3k912!19sChIJa8tMhdAZ0DsRoqMIKucJE-U?authuser=0&hl=en&g_ep=EgoyMDI2MDkyMy4wIJJjKgBIAVAD&rclk=1
Tulip Skin Hair and Cosmetic Clinic - Best Dermatologist in Parbhani | Best Skin Clinic in Parbhani | Best Hair Clinic,Skin care clinic,082370 07177," City Club Tennis Court, road, New Mondha, Parbhani, Maharashtra 431401",," 7Q6C+GW Parbhani, Maharashtra",5.0,11 reviews, Restaurants  Hotels  Things to do  Transit  Parking  Pharmacies  ATMs,https://www.google.com/maps/place/Tulip+Skin+Hair+and+Cosmetic+Clinic+-+Best+Dermatologist+in+Parbhani+%7C+Best+Skin+Clinic+in+Parbhani+%7C+Best+Hair+Clinic/data=!4m7!3m6!1s0x3bd019c6d1fdab79:0xda67f61a0615b342!8m2!3d19.2613657!4d76.7722695!16s%2Fg%2F11ptv9s24b!19sChIJeav90cYZ0DsRQrMVBhr2Z9o?authuser=0&hl=en&g_ep=EgoyMDI2MDkyMy4wIJJjKgBIAVAD&rclk=1
Radhika Beauty Parlour And Ledice Talior,Massage spa,080079 27400," Shop No4 Parsavat Nagar, Road, near Patade Hospital Lind, opp. Sumantai School, Parbhani, Maharashtra 431401",," 7Q74+P8 Parbhani, Maharashtra",,, Restaurants  Hotels  Things to do  Transit  Parking  Pharmacies  ATMs,https://www.google.com/maps/place/Radhika+Beauty+Parlour+And+Ledice+Talior/data=!4m7!3m6!1s0x3bd01990b864518f:0xe98fe6e34c6db932!8m2!3d19.2642848!4d76.7558353!16s%2Fg%2F11l5dm_5wj!19sChIJj1FkuJAZ0DsRMrltTOPmj-k?authuser=0&hl=en&g_ep=EgoyMDI2MDkyMy4wIJJjKgBIAVAD&rclk=1
Dreams Beauty Parlour,Beauty Parlour,082750 09499," Yeldarkar Colony, Anand Nagar, Parbhani, Maharashtra 431401",," 7Q3R+QX Parbhani, Maharashtra",3.7,15 reviews, Restaurants  Hotels  Things to do  Transit  Parking  Pharmacies  ATMs,https://www.google.com/maps/place/Dreams+Beauty+Parlour/data=!4m7!3m6!1s0x3bd0183839bee84b:0x27da081f61f3ae5a!8m2!3d19.2544206!4d76.7924099!16s%2Fg%2F11b6mqgs92!19sChIJS-i-OTgY0DsRWq7zYR8I2ic?authuser=0&hl=en&g_ep=EgoyMDI2MDkyMy4wIJJjKgBIAVAD&rclk=1
Sanvi beauty parlour,Beauty Parlour,077458 62592," Arya Nandi chowk, Karegaon Rd, Gajanan Nagar, Vikas Nagar, Parbhani, Maharashtra 431401",," 7Q5V+MC Parbhani, Maharashtra",,, Restaurants  Hotels  Things to do  Transit  Parking  Pharmacies  ATMs,https://www.google.com/maps/place/Sanvi+beauty+parlour/data=!4m7!3m6!1s0x3bd019b9c47f9639:0xbf891651faa854b7!8m2!3d19.2591366!4d76.7935553!16s%2Fg%2F11nqwtjvzz!19sChIJOZZ_xLkZ0DsRt1So-lEWib8?authuser=0&hl=en&g_ep=EgoyMDI2MDkyMy4wIJJjKgBIAVAD&rclk=1
Balaji unisex salon and spa,Hair salon,076200 20070," Nakhate, Shivaji Nagar, Parbhani, Maharashtra 431401",," 7Q6J+2G Parbhani, Maharashtra",4.2,272 reviews, Restaurants  Hotels  Things to do  Transit  Parking  Pharmacies  ATMs,https://www.google.com/maps/place/Balaji+unisex+salon+and+spa/data=!4m7!3m6!1s0x3bd018331ff8ba85:0xbc69e31b0ae74af9!8m2!3d19.2601001!4d76.7812898!16s%2Fg%2F11b70kctft!19sChIJhbr4HzMY0DsR-UrnChvjabw?authuser=0&hl=en&g_ep=EgoyMDI2MDkyMy4wIJJjKgBIAVAD&rclk=1
BIG BOSS HAIR STYLISH,Barber shop,090122 31639," Rahmat nagar Shalimar function hall, Amey Nagar, Parbhani, Maharashtra 431401",," 7QGG+6C Parbhani, Maharashtra",,, Restaurants  Hotels  Things to do  Transit  Parking  Pharmacies  ATMs,https://www.google.com/maps/place/BIG+BOSS+HAIR+STYLISH/data=!4m7!3m6!1s0x3bd017001b7e817b:0x19f2b5545909707e!8m2!3d19.2755305!4d76.7760944!16s%2Fg%2F11zx0zt3nl!19sChIJe4F-GwAX0DsRfnAJWVS18hk?authuser=0&hl=en&g_ep=EgoyMDI2MDkyMy4wIJJjKgBIAVAD&rclk=1
Balaji salon tattoo shop,Hair salon,077984 11164," New modha get no.1, opp. shop no.1, Parbhani, Maharashtra 431401",," 7Q78+WR Parbhani, Maharashtra",5.0,5 reviews, Restaurants  Hotels  Things to do  Transit  Parking  Pharmacies  ATMs,https://www.google.com/maps/place/Balaji+salon+tattoo+shop/data=!4m7!3m6!1s0x3bd019fcf1202eef:0x24ec3641d6123176!8m2!3d19.264836!4d76.7671012!16s%2Fg%2F11j3wwz8_p!19sChIJ7y4g8fwZ0DsRdjES1kE27CQ?authuser=0&hl=en&g_ep=EgoyMDI2MDkyMy4wIJJjKgBIAVAD&rclk=1
"Swati Makeup Studio & Parlour, Parbhani.",Beauty Parlour,," Maher Mangal karyalay, Gangakhed Rd, Roshani Nagar, Apana Nagar, Parbhani, Maharashtra 431401",," 7Q46+PW Parbhani, Maharashtra",,, Restaurants  Hotels  Things to do  Transit  Parking  Pharmacies  ATMs,"https://www.google.com/maps/place/Swati+Makeup+Studio+%26+Parlour,+Parbhani./data=!4m7!3m6!1s0x3bd019ec003055ed:0x3ce5d7b36619e6e0!8m2!3d19.2568692!4d76.7623212!16s%2Fg%2F11n3py14lp!19sChIJ7VUwAOwZ0DsR4OYZZrPX5Tw?authuser=0&hl=en&g_ep=EgoyMDI2MDkyMy4wIJJjKgBIAVAD&rclk=1"
New Look Beauty Parlour & HD MACKUP Studio,Health and beauty shop,095292 39008," Suryaprakash Mohite Complex, SH148, Pingali Rd, Khanapur Fata, Parbhani, Maharashtra 431401",," 7R32+4H Parbhani, Maharashtra",,, Restaurants  Hotels  Things to do  Transit  Parking  Pharmacies  ATMs,https://www.google.com/maps/place/New+Look+Beauty+Parlour+%26+HD+MACKUP+Studio/data=!4m7!3m6!1s0x3bd019e1690c7e33:0x8a4aab78e4f7e56d!8m2!3d19.2528169!4d76.8014061!16s%2Fg%2F11wwy_ldcq!19sChIJM34MaeEZ0DsRbeX35HirSoo?authuser=0&hl=en&g_ep=EgoyMDI2MDkyMy4wIJJjKgBIAVAD&rclk=1
Akshara beauty Parlour,Beauty Parlour,," 7R37+26F, Karegaon Rd, pragati Nagar, Parbhani, Maharashtra 431402",,,5.0,1 review, Restaurants  Hotels  Things to do  Transit  Parking  Pharmacies  ATMs,https://www.google.com/maps/place/Akshara+beauty+Parlour/data=!4m7!3m6!1s0x3bd019ec2aefa8f3:0xfc0c5c05a7cc2666!8m2!3d19.2525637!4d76.8130564!16s%2Fg%2F11nnr_b_9v!19sChIJ86jvKuwZ0DsRZibMpwVcDPw?authuser=0&hl=en&g_ep=EgoyMDI2MDkyMy4wIJJjKgBIAVAD&rclk=1
Graceful beauty studio,Beauty Parlour,084468 37762," Gajanan Nagar, Mamta colony, Parbhani, Maharashtra 431401",," 7Q6V+5J Parbhani, Maharashtra",,, Restaurants  Hotels  Things to do  Transit  Parking  Pharmacies  ATMs,https://www.google.com/maps/place/Graceful+beauty+studio/data=!4m7!3m6!1s0x3bd01906ac2ddc2d:0x2e8764f7ab6dc37c!8m2!3d19.2604506!4d76.794083!16s%2Fg%2F11z0n08xmm!19sChIJLdwtrAYZ0DsRfMNtq_dkhy4?authuser=0&hl=en&g_ep=EgoyMDI2MDkyMy4wIJJjKgBIAVAD&rclk=1
SHAMA BEUTY PARLOUR,Beauty Parlour,," Dargah Rd, near Khan Sahab Building, Qurbaan Ali Shah Nagar, Kausadi Village, Parbhani, Maharashtra 431401",," 7QF2+95 Parbhani, Maharashtra",4.1,8 reviews, Restaurants  Hotels  Things to do  Transit  Parking  Pharmacies  ATMs,https://www.google.com/maps/place/SHAMA+BEUTY+PARLOUR/data=!4m7!3m6!1s0x3bd01758f0fe46f3:0x4824fc144c6fc622!8m2!3d19.2734474!4d76.7504902!16s%2Fg%2F11fy_6c511!19sChIJ80b-8FgX0DsRIsZvTBT8JEg?authuser=0&hl=en&g_ep=EgoyMDI2MDkyMy4wIJJjKgBIAVAD&rclk=1
Archies beauty parlour,Beauty Parlour,," Basmat road, Kalinka Mata Mandir Rd, behind Shivshakti, Shivram Nagar, Parbhani, Maharashtra 431401",," 7Q4R+64 Parbhani, Maharashtra",5.0,2 reviews, Restaurants  Hotels  Things to do  Transit  Parking  Pharmacies  ATMs,https://www.google.com/maps/place/Archies+beauty+parlour/data=!4m7!3m6!1s0x3bd0197965f778a5:0x16171c5644b0bf71!8m2!3d19.2555718!4d76.7902724!16s%2Fg%2F11h70gyytc!19sChIJpXj3ZXkZ0DsRcb-wRFYcFxY?authuser=0&hl=en&g_ep=EgoyMDI2MDkyMy4wIJJjKgBIAVAD&rclk=1
Samiksha Beauty Parlour,Hair salon,070289 73584," Shop No 1, Road, opp. Mauli Provision, Vidya Nagar, Nandkheda, Parbhani, Maharashtra 431401",," 7QGC+J5 Nandkheda, Maharashtra",,, Restaurants  Hotels  Things to do  Transit  Parking  Pharmacies  ATMs,https://www.google.com/maps/place/Samiksha+Beauty+Parlour/data=!4m7!3m6!1s0x3bd017884fbe47ab:0x2f2cd089ed9b26e1!8m2!3d19.2765684!4d76.7704823!16s%2Fg%2F11vlwl_4mr!19sChIJq0e-T4gX0DsR4Sab7YnQLC8?authuser=0&hl=en&g_ep=EgoyMDI2MDkyMy4wIJJjKgBIAVAD&rclk=1
Reeva Beauty Parlour,Make-up artist,081809 78292," Shop No. 3, Azam Chok, Varad Vinayak Apartment, Dargah Rd, Ganesh Nagar, Parbhani, Maharashtra 431401",," 7QJ4+M5 Parbhani, Maharashtra",,, Restaurants  Hotels  Things to do  Transit  Parking  Pharmacies  ATMs,https://www.google.com/maps/place/Reeva+Beauty+Parlour/data=!4m7!3m6!1s0x3bd0179b1c7ff929:0xa025d2c6c98e85dc!8m2!3d19.2817305!4d76.7553863!16s%2Fg%2F11ybpj48y9!19sChIJKfl_HJsX0DsR3IWOycbSJaA?authuser=0&hl=en&g_ep=EgoyMDI2MDkyMy4wIJJjKgBIAVAD&rclk=1
Glory Final Cuts,Hair salon,088883 41518," District Jail Rd, Shastri Nagar, Parbhani, Maharashtra 431401",," 7QF8+73 Parbhani, Maharashtra",5.0,4 reviews, Restaurants  Hotels  Things to do  Transit  Parking  Pharmacies  ATMs,https://www.google.com/maps/place/Glory+Final+Cuts/data=!4m7!3m6!1s0x3bd0198288d7030d:0x3c604a82d0ad7765!8m2!3d19.2732399!4d76.7652347!16s%2Fg%2F11ldx0453h!19sChIJDQPXiIIZ0DsRZXet0IJKYDw?authuser=0&hl=en&g_ep=EgoyMDI2MDkyMy4wIJJjKgBIAVAD&rclk=1
STUDIO21 HAIR SALON,Beauty Parlour,077769 28449," bullet showroom in forn, Balasaheb Thakre Nagar, Trimurti Nagar, Parbhani, Maharashtra 431401",," 7QH5+XW Parbhani, Maharashtra",3.1,7 reviews, Directions  Save  Nearby  Send to phone  Share,https://www.google.com/maps/place/STUDIO21+HAIR+SALON/data=!4m7!3m6!1s0x3bd017cdeb2029d1:0x9e6abbd70974d407!8m2!3d19.2798888!4d76.7597514!16s%2Fg%2F11v17hjrgf!19sChIJ0Skg680X0DsRB9R0Cde7ap4?authuser=0&hl=en&g_ep=EgoyMDI2MDkyMy4wIJJjKgBIAVAD&rclk=1
Meera's beauty parlour,Beauty Parlour,074986 33383," Vidya Nagar, Parbhani, Maharashtra 431401",," 7QFC+M9 Parbhani, Maharashtra",,, Directions  Save  Nearby  Send to phone  Share,https://www.google.com/maps/place/Meera%27s+beauty+parlour/data=!4m7!3m6!1s0x3bd017deb6be5b21:0xac23af2ea14cdf2!8m2!3d19.2741632!4d76.7709092!16s%2Fg%2F11w2m3tkhm!19sChIJIVu-tt4X0DsR8s0U6vI6wgo?authuser=0&hl=en&g_ep=EgoyMDI2MDkyMy4wIJJjKgBIAVAD&rclk=1
Samrat Hair Salon,Hair salon,," Stadium Complex, 36, Nehru Rd, near Amrut Photo Studio, Gandhi Park, Parbhani, Maharashtra 431401",," 7Q7F+HM Parbhani, Maharashtra",4.3,49 reviews, Directions  Save  Nearby  Send to phone  Share,https://www.google.com/maps/place/Samrat+Hair+Salon/data=!4m7!3m6!1s0x3bd019d21f8bf0b9:0x7e52604630e09bbb!8m2!3d19.2639664!4d76.7741571!16s%2Fg%2F11cn76cqb1!19sChIJufCLH9IZ0DsRu5vgMEZgUn4?authuser=0&hl=en&g_ep=EgoyMDI2MDkyMy4wIJJjKgBIAVAD&rclk=1
Mansi Beauty Parlor,Beauty Parlour,," 7Q8P+FFF, Lokamanya Nagar, Parbhani, Maharashtra 431401",,,4.3,10 reviews, Restaurants  Hotels  Things to do  Transit  Parking  Pharmacies  ATMs,https://www.google.com/maps/place/Mansi+Beauty+Parlor/data=!4m7!3m6!1s0x3bd0182e7d05f489:0x129350f770951612!8m2!3d19.2661794!4d76.7861769!16s%2Fg%2F11hbpqsd8x!19sChIJifQFfS4Y0DsREhaVcPdQkxI?authuser=0&hl=en&g_ep=EgoyMDI2MDkyMy4wIJJjKgBIAVAD&rclk=1
Nakshatra HD Make Up Studio and Beauty Saloon,Beauty Parlour,094214 72102," infront of SB school, Old Pedgaon Rd, Balaji Nagar, Parbhani, Maharashtra 431401",," 7QH4+26 Parbhani, Maharashtra",,, Restaurants  Hotels  Things to do  Transit  Parking  Pharmacies  ATMs,https://www.google.com/maps/place/Nakshatra+HD+Make+Up+Studio+and+Beauty+Saloon/data=!4m7!3m6!1s0x3bd0172b0e11dbf3:0x633242e9dd52cbe9!8m2!3d19.2775318!4d76.7555386!16s%2Fg%2F11rm4srxpl!19sChIJ89sRDisX0DsR6ctS3elCMmM?authuser=0&hl=en&g_ep=EgoyMDI2MDkyMy4wIJJjKgBIAVAD&rclk=1
Kajals Makeover,Beauty Parlour,088304 55600," 1st floor, Vidya Nagar Corner, near tulsi super shop, Vidya Nagar, Parbhani, Maharashtra 431401",," 7QGC+C9 Parbhani, Maharashtra",5.0,9 reviews, Restaurants  Hotels  Things to do  Transit  Parking  Pharmacies  ATMs,https://www.google.com/maps/place/Kajals+Makeover/data=!4m7!3m6!1s0x3bd017d762bf2729:0xf8f2fa9d8ac0fd08!8m2!3d19.2760666!4d76.7709375!16s%2Fg%2F11nnwll0b0!19sChIJKSe_YtcX0DsRCP3Aip368vg?authuser=0&hl=en&g_ep=EgoyMDI2MDkyMy4wIJJjKgBIAVAD&rclk=1
Snehal beauty parlour,Massage spa,092091 06877," no 2, Shesherao bhau deshmukh nagri line, Parbhani, Maharashtra 431401",," 7QJ7+J9 Parbhani, Maharashtra",1.0,1 review, Restaurants  Hotels  Things to do  Transit  Parking  Pharmacies  ATMs,https://www.google.com/maps/place/Snehal+beauty+parlour/data=!4m7!3m6!1s0x3bd017a48415836b:0xbd6f02f92b60823e!8m2!3d19.2815396!4d76.7634222!16s%2Fg%2F11vl5tg99b!19sChIJa4MVhKQX0DsRPoJgK_kCb70?authuser=0&hl=en&g_ep=EgoyMDI2MDkyMy4wIJJjKgBIAVAD&rclk=1
RADHIKA BEAUTY PARLOUR(Only for Ladies),Beauty Parlour,," Shivram Nagar,Basmat, Road, Parbhani, Maharashtra 431401",," 7Q4Q+MH Parbhani, Maharashtra",3.9,7 reviews, Restaurants  Hotels  Things to do  Transit  Parking  Pharmacies  ATMs,https://www.google.com/maps/place/RADHIKA+BEAUTY+PARLOUR%28Only+for+Ladies%29/data=!4m7!3m6!1s0x3bd0183818555555:0x9ed0327503315c9d!8m2!3d19.256686!4d76.7889829!16s%2Fg%2F11hczf2xm4!19sChIJVVVVGDgY0DsRnVwxA3Uy0J4?authuser=0&hl=en&g_ep=EgoyMDI2MDkyMy4wIJJjKgBIAVAD&rclk=1
Metro Studio,Hairdresser,089994 21420," Subhash Rd, near chndraprabhu chowk, Shastri Nagar, Parbhani, Maharashtra 431401",," 7QC9+47 Parbhani, Maharashtra",4.7,55 reviews, Restaurants  Hotels  Things to do  Transit  Parking  Pharmacies  ATMs,https://www.google.com/maps/place/Metro+Studio/data=!4m7!3m6!1s0x3bd019310b7add65:0x84d0dc46c580da9b!8m2!3d19.2702809!4d76.7681821!16s%2Fg%2F11s2v7s30v!19sChIJZd16CzEZ0DsRm9qAxUbc0IQ?authuser=0&hl=en&g_ep=EgoyMDI2MDkyMy4wIJJjKgBIAVAD&rclk=1
