Business Name,Category,Address,Location,Phone Number,Website,Rating,Reviews,Hours / Status,Google Maps URL
The Hair Care Salon,Hairdresser,"Shop No.62, Sarda Central, Shikshak Colony Rd, Sneh Nagar, Beed, Maharashtra 431122","Plus code: XQV5+P6 Beed, Maharashtra",09763418519,https://www.instagram.com/the_hair_care_salon_?igsh=MXh3NWY5cGdodW5weQ==,5.0,(140),"
Restaurants

Hotels

Things to do

Transit

Parking

Pharmacies

ATMs",https://www.google.com/maps/place/The+Hair+Care+Salon/data=!4m7!3m6!1s0x3bc52b2d3bc0ff19:0x9a4d9f36c225a4dd!8m2!3d18.9942918!4d75.758073!16s%2Fg%2F11zknhtf0y!19sChIJGf_AOy0rxTsR3aQlwjafTZo?authuser=0&hl=en&g_ep=EgoyMDI2MDkyMy4wIJJjKgBIAVAD&rclk=1
"Luxe Beauty parlour,beed",Beauty Parlour,"ground floor, Olive hotel, Nagar road, Anand Nagar, Datta Nagar, Beed, Maharashtra 431122","Plus code: XPRV+2V Beed, Maharashtra",08003870101,,4.9,(58),"
Restaurants

Hotels

Things to do

Transit

Parking

Pharmacies

ATMs","https://www.google.com/maps/place/Luxe+Beauty+parlour,beed/data=!4m7!3m6!1s0x3bc52b367e82e651:0xf4dc01c8e8b062cc!8m2!3d18.9900929!4d75.7446589!16s%2Fg%2F11xtxmwqq1!19sChIJUeaCfjYrxTsRzGKw6MgB3PQ?authuser=0&hl=en&g_ep=EgoyMDI2MDkyMy4wIJJjKgBIAVAD&rclk=1"
Jyoti Makeup and Hair Academy,Beauty Parlour,"Dhande Nagar, Renu Hospital Rd, near Icon English School, Vidya Nagar, Rajamudra Pratishthan, Swaraj Nagar, Beed, Maharashtra 431122","Plus code: XQG3+WQ Beed, Maharashtra",09067452901,https://www.instagram.com/magician_of_makeup?igsh=MWIxZXByNHd6M2R1dg==,4.9,(84),"
Restaurants

Hotels

Things to do

Transit

Parking

Pharmacies

ATMs",https://www.google.com/maps/place/Jyoti+Makeup+and+Hair+Academy/data=!4m7!3m6!1s0x3bc52b6099a52fbb:0x1cdbdf52d48a7683!8m2!3d18.9772824!4d75.7544586!16s%2Fg%2F11vrmbfv1j!19sChIJuy-lmWArxTsRg3aK1FLf2xw?authuser=0&hl=en&g_ep=EgoyMDI2MDkyMy4wIJJjKgBIAVAD&rclk=1
New High Class Salon hair salon,Hairdresser,"Sarda central, Shikshak Colony Rd, Sneh Nagar, Beed, Maharashtra 431122","Plus code: XQV5+P5 Beed, Maharashtra",07776969631,https://www.instagram.com/new_highclass_skincare_saloon?igsh=MTQ5MWNlZjJsZ25ocA==,5.0,(222),"
Restaurants

Hotels

Things to do

Transit

Parking

Pharmacies

ATMs",https://www.google.com/maps/place/New+High+Class+Salon+hair+salon/data=!4m7!3m6!1s0x3bc52b18991e4b5d:0xfef1ebdbb8d017db!8m2!3d18.994362!4d75.7579655!16s%2Fg%2F11vdhlnt1h!19sChIJXUsemRgrxTsR2xfQuNvr8f4?authuser=0&hl=en&g_ep=EgoyMDI2MDkyMy4wIJJjKgBIAVAD&rclk=1
Hair Affair Family Salon,Hairdresser,"Subash Rd, Malives, Beed, Maharashtra 431122","Plus code: XQV5+8W Beed, Maharashtra",09158638686,https://hairaffairsalon.in/,4.9,(66),"
Restaurants

Hotels

Things to do

Transit

Parking

Pharmacies

ATMs",https://www.google.com/maps/place/Hair+Affair+Family+Salon/data=!4m7!3m6!1s0x3bc52b9e036ac373:0xbefae21fd5ea3f13!8m2!3d18.9933141!4d75.7598694!16s%2Fg%2F11mdghm5b4!19sChIJc8NqA54rxTsREz_q1R_i-r4?authuser=0&hl=en&g_ep=EgoyMDI2MDkyMy4wIJJjKgBIAVAD&rclk=1
Amigo Family Salon beed,Make-up artist,"Shop No 5, Amigo Family Salon, Subash Rd, amrut manglkary, Beed, Maharashtra 431122","Plus code: XQV5+9J Beed, Maharashtra",09403165425,,4.9,(117),"
Restaurants

Hotels

Things to do

Transit

Parking

Pharmacies

ATMs",https://www.google.com/maps/place/Amigo+Family+Salon+beed/data=!4m7!3m6!1s0x3bc52bf9d4c5c12b:0xe4d81960c676c21f!8m2!3d18.9934953!4d75.7590433!16s%2Fg%2F11x6vpvs2l!19sChIJK8HF1PkrxTsRH8J2xmAZ2OQ?authuser=0&hl=en&g_ep=EgoyMDI2MDkyMy4wIJJjKgBIAVAD&rclk=1
"Anamika Bridal Studio & Professional Beauty Parlour, Beed",Beauty Parlour,"Vishweshwar Colony, Beed, Maharashtra 431122","Plus code: XPXQ+XJ Beed, Maharashtra",08208044524,https://www.instagram.com/anamika_beauty_parlour_alka?igsh=aGQ0b2toa3VhMjl0,5.0,(42),"
Restaurants

Hotels

Things to do

Transit

Parking

Pharmacies

ATMs","https://www.google.com/maps/place/Anamika+Bridal+Studio+%26+Professional+Beauty+Parlour,+Beed/data=!4m7!3m6!1s0x3bc52b02a7170d45:0x6f136796f7773f2b!8m2!3d18.9999281!4d75.739124!16s%2Fg%2F11txsb6j9x!19sChIJRQ0XpwIrxTsRKz9395ZnE28?authuser=0&hl=en&g_ep=EgoyMDI2MDkyMy4wIJJjKgBIAVAD&rclk=1"
Royal Salon,Hairdresser,"Sneh Nagar, Beed, Maharashtra 431122","Plus code: XQV5+X5 Beed, Maharashtra",09637883043,,4.8,(83),"
Restaurants

Hotels

Things to do

Transit

Parking

Pharmacies

ATMs",https://www.google.com/maps/place/Royal+Salon/data=!4m7!3m6!1s0x3bc52ad8e770bd3f:0xb7642366c9c2aae!8m2!3d18.994889!4d75.7579928!16s%2Fg%2F11dzsrjcdh!19sChIJP71w59gqxTsRriqcbDZCdgs?authuser=0&hl=en&g_ep=EgoyMDI2MDkyMy4wIJJjKgBIAVAD&rclk=1
One And Only Nail Art & Extension Studio,Nail salon,"Dahiwal Heights, Pangari Rd, near Umakiran Towers, Sankul, Kranti Nagar, Beed, Maharashtra 431122","Plus code: XPWX+CW Beed, Maharashtra",09623626444,,4.9,(101),"
Restaurants

Hotels

Things to do

Transit

Parking

Pharmacies

ATMs",https://www.google.com/maps/place/One+And+Only+Nail+Art+%26+Extension+Studio/data=!4m7!3m6!1s0x3bc52bd702e49027:0x2347e9cfaabe32c1!8m2!3d18.9960157!4d75.7498103!16s%2Fg%2F11trfphypd!19sChIJJ5DkAtcrxTsRwTK-qs_pRyM?authuser=0&hl=en&g_ep=EgoyMDI2MDkyMy4wIJJjKgBIAVAD&rclk=1
LS makeover beauty Salon and academy,Beauty Parlour,"K.s.k, Chhatrapati capital, Chowk, College, Mitra Nagar, backside, Beed, Maharashtra 431122","Plus code: XPPX+CG Beed, Maharashtra",07822828819,,5.0,(4),"
Restaurants

Hotels

Things to do

Transit

Parking

Pharmacies

ATMs",https://www.google.com/maps/place/LS+makeover+beauty+Salon+and+academy/data=!4m7!3m6!1s0x3bc52b5c4f1774ed:0x9638b1a3996eab13!8m2!3d18.986075!4d75.7488402!16s%2Fg%2F11mrdhhm4_!19sChIJ7XQXT1wrxTsRE6tumaOxOJY?authuser=0&hl=en&g_ep=EgoyMDI2MDkyMy4wIJJjKgBIAVAD&rclk=1
"Mona's nail art, studio and academy",Nail salon,"Block no. 48, sarda central, Subash Rd, near dhakne hospital, Sneh Nagar, Beed, Maharashtra 431122","Plus code: XQV5+P9 Beed, Maharashtra",09096725513,https://monas-nail-art.grexa.site/,5.0,(46),"
Restaurants

Hotels

Things to do

Transit

Parking

Pharmacies

ATMs","https://www.google.com/maps/place/Mona%27s+nail+art,+studio+and+academy/data=!4m7!3m6!1s0x3bc52b31eba0869d:0x195553df12227337!8m2!3d18.9942726!4d75.7583981!16s%2Fg%2F11yttwr0_y!19sChIJnYag6zErxTsRN3MiEt9TVRk?authuser=0&hl=en&g_ep=EgoyMDI2MDkyMy4wIJJjKgBIAVAD&rclk=1"
Sojwal Beauty Parlour and nail art centre,Nail salon,"Sojwal beauty parlour, Tuljai Nagar Rd, behind vithal hospital Charata Fata, गजानन नगर, Talegaon, Maharashtra 431122","Plus code: XPRF+GC Talegaon, Maharashtra",09322168776,,5.0,(49),"
Restaurants

Hotels

Things to do

Transit

Parking

Pharmacies

ATMs",https://www.google.com/maps/place/Sojwal+Beauty+Parlour+and+nail+art+centre/data=!4m7!3m6!1s0x3bc52bd8edd6119f:0x4639be49e44f1a43!8m2!3d18.9912733!4d75.7235233!16s%2Fg%2F11pcnlf60x!19sChIJnxHW7dgrxTsRQxpP5Em-OUY?authuser=0&hl=en&g_ep=EgoyMDI2MDkyMy4wIJJjKgBIAVAD&rclk=1
Angel Beauty Parlour All hair tritment & Makeup Artists(only ladies),Beauty Parlour,"Old Circus Ground, behind tulsi English School bhakti construction Road, chandrakala Building, behind I T I college, Beed, Maharashtra 431122","Plus code: XPWV+9H Beed, Maharashtra",08149378406,,4.6,(11),"
Restaurants

Hotels

Things to do

Transit

Parking

Pharmacies

ATMs",https://www.google.com/maps/place/Angel+Beauty+Parlour+All+hair+tritment+%26+Makeup+Artists%28only+ladies%29/data=!4m7!3m6!1s0x3bc52bfa20b88411:0x688b1c0dcb067b30!8m2!3d18.9959754!4d75.7438924!16s%2Fg%2F11hd8n1w79!19sChIJEYS4IPorxTsRMHsGyw0ci2g?authuser=0&hl=en&g_ep=EgoyMDI2MDkyMy4wIJJjKgBIAVAD&rclk=1
Kartikhairsalon unisex Service's,Hairdresser,"431122 , lakshdha infra shop no. 2, ankush Nagar, Maharashtra 431122","Plus code: XPPP+FV Beed, Maharashtra",09011370890,,5.0,(47),"
Restaurants

Hotels

Things to do

Transit

Parking

Pharmacies

ATMs",https://www.google.com/maps/place/Kartikhairsalon+unisex+Service%27s/data=!4m7!3m6!1s0x3bc52bf93594e351:0xf5cca586875927b1!8m2!3d18.9861906!4d75.7371904!16s%2Fg%2F11h7xxl6_m!19sChIJUeOUNfkrxTsRsSdZh4alzPU?authuser=0&hl=en&g_ep=EgoyMDI2MDkyMy4wIJJjKgBIAVAD&rclk=1
Lotus make-up studio & Beauty parlour,Beauty Parlour,"Prayag niwas, Shivaji Nagar Swami Vivekananda colony, Driving School St, Swaraj Nagar, Beed, Maharashtra 431122","Plus code: XQM2+69 Beed, Maharashtra",09518955549,,5.0,(12),"
Restaurants

Hotels

Things to do

Transit

Parking

Pharmacies

ATMs",https://www.google.com/maps/place/Lotus+make-up+studio+%26+Beauty+parlour/data=!4m7!3m6!1s0x3bc52bc9dbbd1921:0xaac619df69d1b35b!8m2!3d18.9831108!4d75.7508796!16s%2Fg%2F11plt5fvzj!19sChIJIRm928krxTsRW7PRad8Zxqo?authuser=0&hl=en&g_ep=EgoyMDI2MDkyMy4wIJJjKgBIAVAD&rclk=1
Get the Google Maps app,Permanent make-up clinic,"Tuljai Chowk, beside Asha Talkies, Beed, Maharashtra 431122","Plus code: XPMV+P6 Beed, Maharashtra",,https://style-onee-beauty-school.grexa.site/,5.0,(8),"
Restaurants

Hotels

Things to do

Transit

Parking

Pharmacies

ATMs",https://www.google.com/maps/place/STYLE+ONEE+BEAUTY+SCHOOL+AND+SALON/data=!4m7!3m6!1s0x3bc52b53ce803c8d:0x8d657cd7584ab504!8m2!3d18.9843399!4d75.7430401!16s%2Fg%2F11sm7wtqxq!19sChIJjTyAzlMrxTsRBLVKWNd8ZY0?authuser=0&hl=en&g_ep=EgoyMDI2MDkyMy4wIJJjKgBIAVAD&rclk=1
Glamour makeup studio & beauty parlour beed,Make-up artist,"Barshi road, gholap classes colony infront of rashtra vadhi bhavan, Beed, Maharashtra 431122","Plus code: XQJ2+X5 Beed, Maharashtra",09307616269,,4.6,(21),"
Restaurants

Hotels

Things to do

Transit

Parking

Pharmacies

ATMs",https://www.google.com/maps/place/Glamour+makeup+studio+%26+beauty+parlour+beed/data=!4m7!3m6!1s0x3bc52b6609019def:0x93810819cc5dde3b!8m2!3d18.9824761!4d75.750411!16s%2Fg%2F11ltsxklw4!19sChIJ750BCWYrxTsRO95dzBkIgZM?authuser=0&hl=en&g_ep=EgoyMDI2MDkyMy4wIJJjKgBIAVAD&rclk=1
न्यू आदर्श जेन्ट्स पार्लर.(a/c).बीड,Beauty Parlour,"New Adarsh gents parlour, Malicves chowk, Subash Rd, Malives, Beed, Maharashtra 431122","Plus code: XQV6+97 Beed, Maharashtra",07385661818,,4.3,(52),"
Restaurants

Hotels

Things to do

Transit

Parking

Pharmacies

ATMs",https://www.google.com/maps/place/%E0%A4%A8%E0%A5%8D%E0%A4%AF%E0%A5%82+%E0%A4%86%E0%A4%A6%E0%A4%B0%E0%A5%8D%E0%A4%B6+%E0%A4%9C%E0%A5%87%E0%A4%A8%E0%A5%8D%E0%A4%9F%E0%A5%8D%E0%A4%B8+%E0%A4%AA%E0%A4%BE%E0%A4%B0%E0%A5%8D%E0%A4%B2%E0%A4%B0.%28a%2Fc%29.%E0%A4%AC%E0%A5%80%E0%A4%A1/data=!4m7!3m6!1s0x3bc52b5d803f14cf:0x37bff860ebbdbb91!8m2!3d18.993427!4d75.7606254!16s%2Fg%2F11f6510hmv!19sChIJzxQ_gF0rxTsRkbu962D4vzc?authuser=0&hl=en&g_ep=EgoyMDI2MDkyMy4wIJJjKgBIAVAD&rclk=1
Savvy's Beauty Shopee,Beauty product supplier,"Shop No 1, 1st Floor, Chapalgaonkar Complex, Dhundi Pura Rd, Bir, Beed, Maharashtra 431122","Plus code: XQV6+37 Beed, Maharashtra",07744844944,,4.4,(41),"
Restaurants

Hotels

Things to do

Transit

Parking

Pharmacies

ATMs",https://www.google.com/maps/place/Savvy%27s+Beauty+Shopee/data=!4m7!3m6!1s0x3bc52b20a1302825:0xcf6fdfcc8ed4fee3!8m2!3d18.9927172!4d75.7606331!16s%2Fg%2F11g6mhwjmn!19sChIJJSgwoSArxTsR4_7Ujszfb88?authuser=0&hl=en&g_ep=EgoyMDI2MDkyMy4wIJJjKgBIAVAD&rclk=1
Glory beauty parlor and makeup studio,Beauty Parlour,"59, Rajmata Jijau Marg, Aditya Nagari, Suhash Colony, Beed, Maharashtra 431122","Plus code: XPWQ+CG Beed, Maharashtra",09370834130,https://glory-beauty-parlor.grexa.site/,4.7,(22),"
Restaurants

Hotels

Things to do

Transit

Parking

Pharmacies

ATMs",https://www.google.com/maps/place/Glory+beauty+parlor+and+makeup+studio/data=!4m7!3m6!1s0x3bc52b0021be75ad:0x806ed5f128b0dfa9!8m2!3d18.9961149!4d75.738843!16s%2Fg%2F11x8s1rpzv!19sChIJrXW-IQArxTsRqd-wKPHVboA?authuser=0&hl=en&g_ep=EgoyMDI2MDkyMy4wIJJjKgBIAVAD&rclk=1
Scissor Hair Salon,Hair salon,"XQQ4+V8V, Bashir Ganj Rd, Bashir Ganj, Bir, Beed, Maharashtra 431122",,,,4.5,(58),"
Restaurants

Hotels

Things to do

Transit

Parking

Pharmacies

ATMs",https://www.google.com/maps/place/Scissor+Hair+Salon/data=!4m7!3m6!1s0x3bc52bc0e530f4eb:0x68b40eb9d69788c8!8m2!3d18.9897315!4d75.7558094!16s%2Fg%2F11grv2_391!19sChIJ6_Qw5cArxTsRyIiX1rkOtGg?authuser=0&hl=en&g_ep=EgoyMDI2MDkyMy4wIJJjKgBIAVAD&rclk=1
Shital Beauty Salon,Beauty Parlour,"Pangari Rd, Kranti Nagar, Beed, Maharashtra 431122","Plus code: XPWX+MJ Beed, Maharashtra",08830148358,,5.0,(1),"
Restaurants

Hotels

Things to do

Transit

Parking

Pharmacies

ATMs",https://www.google.com/maps/place/Shital+Beauty+Salon/data=!4m7!3m6!1s0x3bc52b3245253bb1:0x434049b70167b54d!8m2!3d18.9967418!4d75.7490859!16s%2Fg%2F11t2t_0nzt!19sChIJsTslRTIrxTsRTbVnAbdJQEM?authuser=0&hl=en&g_ep=EgoyMDI2MDkyMy4wIJJjKgBIAVAD&rclk=1
Shri Sai Beauty Hair Dressers,Hairdresser,"Shop No 7, Bamb Circle, Juna Nagar Naka Nagar Road, Bhaya Nagar, Datta Nagar, Beed, Maharashtra 431122","Plus code: XPQW+44 Beed, Maharashtra",09403039477,,4.4,(7),"
Restaurants

Hotels

Things to do

Transit

Parking

Pharmacies

ATMs",https://www.google.com/maps/place/Shri+Sai+Beauty+Hair+Dressers/data=!4m7!3m6!1s0x3bc52b2351159983:0x5e87892a1a789cb9!8m2!3d18.9878347!4d75.7453214!16s%2Fg%2F11p75p6cdc!19sChIJg5kVUSMrxTsRuZx4GiqJh14?authuser=0&hl=en&g_ep=EgoyMDI2MDkyMy4wIJJjKgBIAVAD&rclk=1
Champavati Professional Hair Salon,Beauty Parlour,"Nagar Road, in front of Collector office, Maharashtra 431122","Plus code: XPRX+59 Beed, Maharashtra",09822303777,,5.0,(3),"
Restaurants

Hotels

Things to do

Transit

Parking

Pharmacies

ATMs",https://www.google.com/maps/place/Champavati+Professional+Hair+Salon/data=!4m7!3m6!1s0x3bc52b3b9c596931:0x3ecb5a72c8c7431d!8m2!3d18.9904092!4d75.7484053!16s%2Fg%2F11gv16jp5y!19sChIJMWlZnDsrxTsRHUPHyHJayz4?authuser=0&hl=en&g_ep=EgoyMDI2MDkyMy4wIJJjKgBIAVAD&rclk=1
AMIT HAIR SALON BEED,Barber shop,"circus ground, Palwan Rd, opposite Beed, Ambika Nagar, Datta Nagar, Beed, Maharashtra 431122","Plus code: XPJW+8V Beed, Maharashtra",,,5.0,(2),"
Restaurants

Hotels

Things to do

Transit

Parking

Pharmacies

ATMs",https://www.google.com/maps/place/AMIT+HAIR+SALON+BEED/data=!4m7!3m6!1s0x3bc52b3f831cd3a5:0x7c611758448a6303!8m2!3d18.9807516!4d75.7471262!16s%2Fg%2F11zxtn67t8!19sChIJpdMcgz8rxTsRA2OKRFgXYXw?authuser=0&hl=en&g_ep=EgoyMDI2MDkyMy4wIJJjKgBIAVAD&rclk=1
Anand Hair Salon,Hair salon,"Infront of Mansi Mart, 175, Navghan College Rd, Mitra Nagar, Kranti Colony, Datta Nagar, Beed, Maharashtra 431122","Plus code: XPPX+48 Beed, Maharashtra",09028830240,,5.0,(2),"
Restaurants

Hotels

Things to do

Transit

Parking

Pharmacies

ATMs",https://www.google.com/maps/place/Anand+Hair+Salon/data=!4m7!3m6!1s0x3bc52b003c773191:0x89701544e8757bf4!8m2!3d18.9853494!4d75.7483369!16s%2Fg%2F11wg7dx7bj!19sChIJkTF3PAArxTsR9Ht16EQVcIk?authuser=0&hl=en&g_ep=EgoyMDI2MDkyMy4wIJJjKgBIAVAD&rclk=1
JAGDAMB HAIR & BEAUTY SALON BEED,Hairdresser,"Umakiran complex, Shahunagar, Beed, Maharashtra 431122","Plus code: XPWX+GX Beed, Maharashtra",,https://instagram.com/pavan_jagtap__mh23?igshid=ZGUzMzM3NWJiOQ==,3.0,(2),"
Restaurants

Hotels

Things to do

Transit

Parking

Pharmacies

ATMs",https://www.google.com/maps/place/JAGDAMB+HAIR+%26+BEAUTY+SALON+BEED/data=!4m7!3m6!1s0x3bc52bbdb2ad4aaf:0x771da349a736a92a!8m2!3d18.9963689!4d75.7499393!16s%2Fg%2F11vbm9lcv8!19sChIJr0qtsr0rxTsRKqk2p0mjHXc?authuser=0&hl=en&g_ep=EgoyMDI2MDkyMy4wIJJjKgBIAVAD&rclk=1
Aroma Spa & Beauty,Spa,"Ambika Chowk, Beed, Maharashtra 431122","Plus code: XPXX+35 Beed, Maharashtra",,,4.7,(7),"
Restaurants

Hotels

Things to do

Transit

Parking

Pharmacies

ATMs",https://www.google.com/maps/place/Aroma+Spa+%26+Beauty/data=!4m7!3m6!1s0x3bc52b70f34ef197:0x6d873dc5e224e9a9!8m2!3d18.9977233!4d75.7479553!16s%2Fg%2F11w_l9p0bt!19sChIJl_FO83ArxTsRqekk4sU9h20?authuser=0&hl=en&g_ep=EgoyMDI2MDkyMy4wIJJjKgBIAVAD&rclk=1
Siddhivinayak men's parlour and salon,Hairdresser,"Driving School St, in front of Sahyadri hotel, Bir, Beed, Maharashtra 431122","Plus code: XQM2+HW Beed, Maharashtra",09421992309,,5.0,(5),"
Restaurants

Hotels

Things to do

Transit

Parking

Pharmacies

ATMs",https://www.google.com/maps/place/Siddhivinayak+men%27s+parlour+and+salon/data=!4m7!3m6!1s0x3bc52be6f8a0c415:0x6d7c0a6204214f73!8m2!3d18.9839729!4d75.7523149!16s%2Fg%2F11q361pjj_!19sChIJFcSg-OYrxTsRc08hBGIKfG0?authuser=0&hl=en&g_ep=EgoyMDI2MDkyMy4wIJJjKgBIAVAD&rclk=1
"SPARSH SKIN ,HAIR & AYURVED MULTISPECILITY CLINIC CLINIC",Skin care clinic,"Doctor Lane, Shikshak Colony Rd, Near Giri Hospital, Adarsh nagar, Beed, Maharashtra 431122","Plus code: XQV2+H2 Beed, Maharashtra",,,5.0,(67),"
Restaurants

Hotels

Things to do

Transit

Parking

Pharmacies

ATMs","https://www.google.com/maps/place/SPARSH+SKIN+,HAIR+%26+AYURVED+MULTISPECILITY+CLINIC+CLINIC/data=!4m7!3m6!1s0x3bc52b6c94b7848f:0xadd55b93a03bdc82!8m2!3d18.9939488!4d75.7500189!16s%2Fg%2F11h1ljq7n2!19sChIJj4S3lGwrxTsRgtw7oJNb1a0?authuser=0&hl=en&g_ep=EgoyMDI2MDkyMy4wIJJjKgBIAVAD&rclk=1"
Kristal Hair Salon,Hairdresser,"XQV4+RJ5, Stadium Rd, Bir, Beed, Maharashtra 431122",,,,3.9,(11),"
Restaurants

Hotels

Things to do

Transit

Parking

Pharmacies

ATMs",https://www.google.com/maps/place/Kristal+Hair+Salon/data=!4m7!3m6!1s0x3bc52ad8fd3609cf:0x60651ab7f078784e!8m2!3d18.9945068!4d75.7566185!16s%2Fg%2F11f1pftj1_!19sChIJzwk2_dgqxTsRTnh48LcaZWA?authuser=0&hl=en&g_ep=EgoyMDI2MDkyMy4wIJJjKgBIAVAD&rclk=1
Renu Professional Beauty Parlour and make up studio (only for ladies ),Beauty Parlour,"Shivaji dhande nagar, opposite renu hospital, Swaraj Nagar, Beed, Maharashtra 431122","Plus code: XQG4+Q3 Beed, Maharashtra",09022688528,,5.0,(3),"
Restaurants

Hotels

Things to do

Transit

Parking

Pharmacies

ATMs",https://www.google.com/maps/place/Renu+Professional+Beauty+Parlour+and+make+up+studio+%28only+for+ladies+%29/data=!4m7!3m6!1s0x3bc52bb177879641:0xa3b1b9b3a3df19eb!8m2!3d18.9769294!4d75.7551474!16s%2Fg%2F11rpd8njcj!19sChIJQZaHd7ErxTsR6xnfo7O5saM?authuser=0&hl=en&g_ep=EgoyMDI2MDkyMy4wIJJjKgBIAVAD&rclk=1
S Lakme Beauty And Makeup studio,Make-up artist,"Shop No 01, Dhoot Hospital, Shikshak Colony Rd, Shahunagar, Beed, Maharashtra 431122","Plus code: XQW5+74 Beed, Maharashtra",09850310457,,2.2,(10),"
Restaurants

Hotels

Things to do

Transit

Parking

Pharmacies

ATMs",https://www.google.com/maps/place/S+Lakme+Beauty+And+Makeup+studio/data=!4m7!3m6!1s0x3bc52be181195287:0x3ae4d192702a96bf!8m2!3d18.9956344!4d75.7578637!16s%2Fg%2F11rk35lf30!19sChIJh1IZgeErxTsRv5YqcJLR5Do?authuser=0&hl=en&g_ep=EgoyMDI2MDkyMy4wIJJjKgBIAVAD&rclk=1
Swatispa Beauty salon,Beauty Parlour,"Rajiv Gandhi Marg, Bhaya Nagar, Line1, Beed, Maharashtra 431122","Plus code: XPQW+32 Beed, Maharashtra",,,3.3,(4),"
Restaurants

Hotels

Things to do

Transit

Parking

Pharmacies

ATMs",https://www.google.com/maps/place/Swatispa+Beauty+salon/data=!4m7!3m6!1s0x3bc52ac26f9ea93b:0x8628af7e9cc234a0!8m2!3d18.9876964!4d75.7450884!16s%2Fg%2F11gb403t1c!19sChIJO6meb8IqxTsRoDTCnH6vKIY?authuser=0&hl=en&g_ep=EgoyMDI2MDkyMy4wIJJjKgBIAVAD&rclk=1
New Silver Professional Salon & Tattoo Studio,Hairdresser,"XPWX+H35 Ambika Chowk, Beed, Maharashtra 431122",,07020141732,,4.5,(6),"
Restaurants

Hotels

Things to do

Transit

Parking

Pharmacies

ATMs",https://www.google.com/maps/place/New+Silver+Professional+Salon+%26+Tattoo+Studio/data=!4m7!3m6!1s0x3bc52bb79b385ba9:0xeba5effc077092af!8m2!3d18.9963805!4d75.7477299!16s%2Fg%2F11sb80lj9n!19sChIJqVs4m7crxTsRr5JwB_zvpes?authuser=0&hl=en&g_ep=EgoyMDI2MDkyMy4wIJJjKgBIAVAD&rclk=1
Inrich makeup studio&salon,Beauty Parlour,"Shikshak Colony Rd, Sahayog Nagar, Beed, Maharashtra 431122","Plus code: XQW4+HW Beed, Maharashtra",09657142375,,5.0,(2),"
Restaurants

Hotels

Things to do

Transit

Parking

Pharmacies

ATMs",https://www.google.com/maps/place/Inrich+makeup+studio%26salon/data=!4m7!3m6!1s0x3bc52b6d69245ad9:0x359e24579eb6f50e!8m2!3d18.9964304!4d75.7572928!16s%2Fg%2F11shf4t8ty!19sChIJ2VokaW0rxTsRDvW2nlcknjU?authuser=0&hl=en&g_ep=EgoyMDI2MDkyMy4wIJJjKgBIAVAD&rclk=1
Kiran Beauty Parlour,Beauty Parlour,"Shop No, 01, Canal Rd, opp. Surya Lawns, Shahunagar, Beed, Maharashtra 431122","Plus code: 2P2X+3F Beed, Maharashtra",07720854404,,5.0,(7),"
Restaurants

Hotels

Things to do

Transit

Parking

Pharmacies

ATMs",https://www.google.com/maps/place/Kiran+Beauty+Parlour/data=!4m7!3m6!1s0x3bc52bb0c5a4d209:0x2cf244dffdee1a69!8m2!3d19.0002056!4d75.7487219!16s%2Fg%2F11kprjsw38!19sChIJCdKkxbArxTsRaRru_d9E8iw?authuser=0&hl=en&g_ep=EgoyMDI2MDkyMy4wIJJjKgBIAVAD&rclk=1
The Unique Salon,Jewelry store,"XPRJ+M5V, Kalika Nagar Rd, Balepir, Beed, Maharashtra 431122",,,,4.8,(6),"
Restaurants

Hotels

Things to do

Transit

Parking

Pharmacies

ATMs",https://www.google.com/maps/place/The+Unique+Salon/data=!4m7!3m6!1s0x3bc52bf46e5e1051:0xb343a8cbad82e3ff!8m2!3d18.9917446!4d75.7304348!16s%2Fg%2F11s75qkbjw!19sChIJURBebvQrxTsR_-OCrcuoQ7M?authuser=0&hl=en&g_ep=EgoyMDI2MDkyMy4wIJJjKgBIAVAD&rclk=1
Vedika’s skin beauty academy,Beauty Parlour,"XPQW+V26, Adarsh nagar, Kranti Nagar, Beed, Maharashtra 431122",,,,5.0,(1),"
Restaurants

Hotels

Things to do

Transit

Parking

Pharmacies

ATMs",https://www.google.com/maps/place/Vedika%E2%80%99s+skin+beauty+academy/data=!4m7!3m6!1s0x3bc52b00424f94ad:0x44b1087663db978d!8m2!3d18.9896512!4d75.7450059!16s%2Fg%2F11ybly5qyg!19sChIJrZRPQgArxTsRjZfbY3YIsUQ?authuser=0&hl=en&g_ep=EgoyMDI2MDkyMy4wIJJjKgBIAVAD&rclk=1
Blush Beauty Studio,Beauty Parlour,"XPXV+C7C, Pimpargavan Rd, Dnyaneshwar Nagar, Suhash Colony, Beed, Maharashtra 431122",,,,5.0,(1),"
Restaurants

Hotels

Things to do

Transit

Parking

Pharmacies

ATMs",https://www.google.com/maps/place/Blush+Beauty+Studio/data=!4m7!3m6!1s0x3bc52acf547b5dc3:0xfd0aa22b0f796460!8m2!3d18.9985733!4d75.7431445!16s%2Fg%2F11vl9fvpq5!19sChIJw117VM8qxTsRYGR5DyuiCv0?authuser=0&hl=en&g_ep=EgoyMDI2MDkyMy4wIJJjKgBIAVAD&rclk=1
shree gajanan trends salon,Hair salon,"Shop No 6, Shree Gajanan Trand Saloon, Jalna Rd, Sayyad Nagar, Shahunagar, Beed, Maharashtra 431122","Plus code: XQW3+5F Beed, Maharashtra",,,3.8,(4),"
Restaurants

Hotels

Things to do

Transit

Parking

Pharmacies

ATMs",https://www.google.com/maps/place/shree+gajanan+trends+salon/data=!4m7!3m6!1s0x3bc52bcabba4cdd9:0x445b93f45858844f!8m2!3d18.9954938!4d75.7537255!16s%2Fg%2F11p02qn23s!19sChIJ2c2ku8orxTsRT4RYWPSTW0Q?authuser=0&hl=en&g_ep=EgoyMDI2MDkyMy4wIJJjKgBIAVAD&rclk=1
Beauty,Cosmetics store,"Mahatma Phule Marg, near Sarda Central, opp. Vaidyanath Bank, Beed, Maharashtra 431122","Plus code: XQV5+X4 Beed, Maharashtra",07350093500,,4.2,(11),"
Restaurants

Hotels

Things to do

Transit

Parking

Pharmacies

ATMs",https://www.google.com/maps/place/Beauty/data=!4m7!3m6!1s0x3bc52ad8de7107d3:0xedd2785463c25148!8m2!3d18.9949531!4d75.7578289!16s%2Fg%2F11h9x5sq90!19sChIJ0wdx3tgqxTsRSFHCY1R40u0?authuser=0&hl=en&g_ep=EgoyMDI2MDkyMy4wIJJjKgBIAVAD&rclk=1
Lotus beauty parlour Sahyog Nagar DP Road,Beauty Parlour,"Shikshak Colony Rd, Sahayog Nagar, Beed, Maharashtra 431122","Plus code: XPVW+R8 Beed, Maharashtra",09673974796,,,,"
Restaurants

Hotels

Things to do

Transit

Parking

Pharmacies

ATMs",https://www.google.com/maps/place/Lotus+beauty+parlour+Sahyog+Nagar+DP+Road/data=!4m7!3m6!1s0x3bc52b1618747dad:0x8b7e4705cefa978b!8m2!3d18.994585!4d75.7458433!16s%2Fg%2F11ynf8kv7r!19sChIJrX10GBYrxTsRi5f6zgVHfos?authuser=0&hl=en&g_ep=EgoyMDI2MDkyMy4wIJJjKgBIAVAD&rclk=1
Samarth Gents Parlour,Hair salon,"Shop No.1, Samarth Genst Parlour, D p Roda, Shikshak Colony Rd, Adarsh nagar, Kranti Nagar, Beed, Maharashtra 431122","Plus code: XPWX+96 Beed, Maharashtra",09503409780,,5.0,(7),"
Restaurants

Hotels

Things to do

Transit

Parking

Pharmacies

ATMs",https://www.google.com/maps/place/Samarth+Gents+Parlour/data=!4m7!3m6!1s0x3bc52b4578f3360d:0xb35aaa13bc1dd759!8m2!3d18.9959553!4d75.7480941!16s%2Fg%2F11pz8c9qxh!19sChIJDTbzeEUrxTsRWdcdvBOqWrM?authuser=0&hl=en&g_ep=EgoyMDI2MDkyMy4wIJJjKgBIAVAD&rclk=1
Jiva professional hair salon,Barber shop,"XQH5+M33, Swaraj Nagar, Beed, Maharashtra 431122",,09803022003,,5.0,(9),"
Restaurants

Hotels

Things to do

Transit

Parking

Pharmacies

ATMs",https://www.google.com/maps/place/Jiva+professional+hair+salon/data=!4m7!3m6!1s0x3bc52b005d7d7973:0x84619419708db0cd!8m2!3d18.9795757!4d75.7558809!16s%2Fg%2F11vr5s8lsn!19sChIJc3l9XQArxTsRzbCNcBmUYYQ?authuser=0&hl=en&g_ep=EgoyMDI2MDkyMy4wIJJjKgBIAVAD&rclk=1
Ladies massage beed,Beauty Parlour,"Ambika chauk, Beed, Maharashtra 431122","Plus code: XPXX+35 Beed, Maharashtra",,,1.0,(1),"
Directions

Save

Nearby

Send to phone

Share",https://www.google.com/maps/place/Ladies+massage+beed/data=!4m7!3m6!1s0x3bc52bedea8cce9b:0x3b45d857be5ad22c!8m2!3d18.9977233!4d75.7479553!16s%2Fg%2F11z8tjckg2!19sChIJm86M6u0rxTsRLNJavlfYRTs?authuser=0&hl=en&g_ep=EgoyMDI2MDkyMy4wIJJjKgBIAVAD&rclk=1
Anjali Buety Parlor Leady Spa,Beauty Parlour,"Shop No 1, Kabad Galli, near Malaves, Bir, Beed, Maharashtra 431122","Plus code: XQR6+P3 Beed, Maharashtra",08180896647,,5.0,(1),"
Restaurants

Hotels

Things to do

Transit

Parking

Pharmacies

ATMs",https://www.google.com/maps/place/Anjali+Buety+Parlor+Leady+Spa/data=!4m7!3m6!1s0x3bc52b1014972c13:0xd05450607c7613ee!8m2!3d18.9918194!4d75.7602241!16s%2Fg%2F11rn0q0m8z!19sChIJEyyXFBArxTsR7hN2fGBQVNA?authuser=0&hl=en&g_ep=EgoyMDI2MDkyMy4wIJJjKgBIAVAD&rclk=1
Neha Beauty Parlour,Health and beauty shop,"Shop No, 1, Karanja Rd, Bir, Beed, Maharashtra 431122","Plus code: XQQ6+J2 Beed, Maharashtra",09923991721,,4.0,(9),"
Restaurants

Hotels

Things to do

Transit

Parking

Pharmacies

ATMs",https://www.google.com/maps/place/Neha+Beauty+Parlour/data=!4m7!3m6!1s0x3bc52b9031ad2a8b:0xa1b33e4b0a905c94!8m2!3d18.9890018!4d75.7600312!16s%2Fg%2F11t9jj0k1f!19sChIJiyqtMZArxTsRlFyQCks-s6E?authuser=0&hl=en&g_ep=EgoyMDI2MDkyMy4wIJJjKgBIAVAD&rclk=1
Aarambh Gens Parlar,Hair salon,"Shop 2 Tidake Hausspit Shomeshwor Nagar Beed Shomeshwor Nagar Tidake Hauspitl, Beed, Maharashtra 431122","Plus code: XQH5+M3 Beed, Maharashtra",08830058110,,5.0,(1),"
Restaurants

Hotels

Things to do

Transit

Parking

Pharmacies

ATMs",https://www.google.com/maps/place/Aarambh+Gens+Parlar/data=!4m7!3m6!1s0x3bc52b0150db8853:0x13ef4659839e9382!8m2!3d18.9791993!4d75.7577112!16s%2Fg%2F11rd86m187!19sChIJU4jbUAErxTsRgpOeg1lG7xM?authuser=0&hl=en&g_ep=EgoyMDI2MDkyMy4wIJJjKgBIAVAD&rclk=1
3k hair salon,Hair salon,"ISLAMPURA, Baba Chowk Rd, Beed, Maharashtra 431122","Plus code: XQRC+3H Beed, Maharashtra",,,3.7,(3),"
Restaurants

Hotels

Things to do

Transit

Parking

Pharmacies

ATMs",https://www.google.com/maps/place/3k+hair+salon/data=!4m7!3m6!1s0x3bc52b007c2fe5ed:0x4f46d3941af75113!8m2!3d18.9901288!4d75.7714716!16s%2Fg%2F11m5nq1q75!19sChIJ7eUvfAArxTsRE1H3GpTTRk8?authuser=0&hl=en&g_ep=EgoyMDI2MDkyMy4wIJJjKgBIAVAD&rclk=1
Parth Hair Salon,Hair salon,"Shop No 2, near Renu Hospital, Shivaji Dhande Nagar, Beed, Maharashtra 431122","Plus code: XQF3+7J Beed, Maharashtra",,https://www.instagram.com/parth_hairsalon?igsh=MWY0ZGcwa2xueG12Ng==,3.7,(3),"
Restaurants

Hotels

Things to do

Transit

Parking

Pharmacies

ATMs",https://www.google.com/maps/place/Parth+Hair+Salon/data=!4m7!3m6!1s0x3bc52bafaa80eaa3:0xa545d62b24af6195!8m2!3d18.9732385!4d75.7540711!16s%2Fg%2F11sn_3pksh!19sChIJo-qAqq8rxTsRlWGvJCvWRaU?authuser=0&hl=en&g_ep=EgoyMDI2MDkyMy4wIJJjKgBIAVAD&rclk=1
Vijay hair salon,Artist,"XQP5+445, Bir, Beed, Maharashtra 431122",,,,,,"
Restaurants

Hotels

Things to do

Transit

Parking

Pharmacies

ATMs",https://www.google.com/maps/place/Vijay+hair+salon/data=!4m7!3m6!1s0x3bc52bbde7508709:0xdaca6ecf3cc36c25!8m2!3d18.9853125!4d75.7578125!16s%2Fg%2F11zh2_xb49!19sChIJCYdQ570rxTsRJWzDPM9uyto?authuser=0&hl=en&g_ep=EgoyMDI2MDkyMy4wIJJjKgBIAVAD&rclk=1
New Ashish Jents Parlour,Hair salon,"Shop No.01, Ambedkar Putula, opp. Beed, Raviwar Peth, Vipra Nagar, Beed, Maharashtra 431122","Plus code: XQR8+Q8 Beed, Maharashtra",08983501906,,5.0,(1),"
Restaurants

Hotels

Things to do

Transit

Parking

Pharmacies

ATMs",https://www.google.com/maps/place/New+Ashish+Jents+Parlour/data=!4m7!3m6!1s0x3bc52bcfa71a6553:0x32776f7ae97f04e2!8m2!3d18.9919447!4d75.7658537!16s%2Fg%2F11rd869_xr!19sChIJU2Uap88rxTsR4gR_6XpvdzI?authuser=0&hl=en&g_ep=EgoyMDI2MDkyMy4wIJJjKgBIAVAD&rclk=1
Hollywood Hair Salon Hair Studio,Barber shop,"XQM4+2Q8, Champavati Nagar Rd, Shahinshah Nagar, Bir, Beed, Maharashtra 431122",,,,,,"
Restaurants

Hotels

Things to do

Transit

Parking

Pharmacies

ATMs",https://www.google.com/maps/place/Hollywood+Hair+Salon+Hair+Studio/data=!4m7!3m6!1s0x3bc52b003a96ee3d:0x15de8e654e848d91!8m2!3d18.9825274!4d75.7569412!16s%2Fg%2F11ywwgp_7c!19sChIJPe6WOgArxTsRkY2ETmWO3hU?authuser=0&hl=en&g_ep=EgoyMDI2MDkyMy4wIJJjKgBIAVAD&rclk=1
Lucky's Hair Studio,Hairdresser,"XQW2+3H8, Shahunagar, Beed, Maharashtra 431122",,09503478700,,3.7,(6),"
Restaurants

Hotels

Things to do

Transit

Parking

Pharmacies

ATMs",https://www.google.com/maps/place/Lucky%27s+Hair+Studio/data=!4m7!3m6!1s0x3bc52adba0aaf429:0x3648ceb69dc263e7!8m2!3d18.9951679!4d75.7514489!16s%2Fg%2F11g00mck1f!19sChIJKfSqoNsqxTsR52PCnbbOSDY?authuser=0&hl=en&g_ep=EgoyMDI2MDkyMy4wIJJjKgBIAVAD&rclk=1
Pallavi beauty parlour,Beauty Parlour,"Dhondipura, tilak road, Beed, Maharashtra 431122","Plus code: XQR6+59 Beed, Maharashtra",08007612702,,,,"
Restaurants

Hotels

Things to do

Transit

Parking

Pharmacies

ATMs",https://www.google.com/maps/place/Pallavi+beauty+parlour/data=!4m7!3m6!1s0x3bc52bb860aeae05:0x662f43c6b05f8169!8m2!3d18.9903818!4d75.7609869!16s%2Fg%2F11zwqw0xbc!19sChIJBa6uYLgrxTsRaYFfsMZDL2Y?authuser=0&hl=en&g_ep=EgoyMDI2MDkyMy4wIJJjKgBIAVAD&rclk=1
MH 23 BEEDKAR Hair Saloon Shop,Hair salon,"XQH4+M8V, Renu Hospital Rd, Swaraj Nagar, Beed, Maharashtra 431122",,08208666210,,5.0,(1),"
Restaurants

Hotels

Things to do

Transit

Parking

Pharmacies

ATMs",https://www.google.com/maps/place/MH+23+BEEDKAR+Hair+Saloon+Shop/data=!4m7!3m6!1s0x3bc52ae39ec2f749:0x4dc09b1ecd4edd52!8m2!3d18.9792287!4d75.7558083!16s%2Fg%2F11vl9fy90w!19sChIJSffCnuMqxTsRUt1OzR6bwE0?authuser=0&hl=en&g_ep=EgoyMDI2MDkyMy4wIJJjKgBIAVAD&rclk=1
Satyam Hair Salon,Hair salon,"Canol Road, Kranti Nagar, Beed, Maharashtra 431122","Plus code: XPWX+93 Beed, Maharashtra",07020061409,,4.0,(1),"
Restaurants

Hotels

Things to do

Transit

Parking

Pharmacies

ATMs",https://www.google.com/maps/place/Satyam+Hair+Salon/data=!4m7!3m6!1s0x3bc52bc3ec9acff3:0x34a8ddfc680d8daf!8m2!3d18.9959216!4d75.7476445!16s%2Fg%2F11v5c_7r5f!19sChIJ88-a7MMrxTsRr40NaPzdqDQ?authuser=0&hl=en&g_ep=EgoyMDI2MDkyMy4wIJJjKgBIAVAD&rclk=1
Janseva Hair Salon,Hair salon,"Dhule- Solapur Road NH-211 Barshi Naka Barshi naka , Bajirao nagar, Prakash Ambedkar Nagar, Beed, Maharashtra 431122","Plus code: XQH8+2C Beed, Maharashtra",09921755148,,,,"
Restaurants

Hotels

Things to do

Transit

Parking

Pharmacies

ATMs",https://www.google.com/maps/place/Janseva+Hair+Salon/data=!4m7!3m6!1s0x3bc52b83836bc377:0xd7b054cc366e9aef!8m2!3d18.9776034!4d75.7660929!16s%2Fg%2F11qq1w54tx!19sChIJd8Nrg4MrxTsR75puNsxUsNc?authuser=0&hl=en&g_ep=EgoyMDI2MDkyMy4wIJJjKgBIAVAD&rclk=1
RADHIKA MAKEUP STUDIO AND BEAUTY PARLOUR,Health and beauty shop,"1, dhanlaxmi complex, near, Canal Rd, India Bank Colony, Shinde Nagar, Beed, Maharashtra 431143","Plus code: 2P3X+JR Beed, Maharashtra",07666100206,,,,"
Restaurants

Hotels

Things to do

Transit

Parking

Pharmacies

ATMs",https://www.google.com/maps/place/RADHIKA+MAKEUP+STUDIO+AND+BEAUTY+PARLOUR/data=!4m7!3m6!1s0x3bc52b22e2c42115:0xc915917e16724e79!8m2!3d19.0040175!4d75.7495181!16s%2Fg%2F11zgcz69py!19sChIJFSHE4iIrxTsReU5yFn6RFck?authuser=0&hl=en&g_ep=EgoyMDI2MDkyMy4wIJJjKgBIAVAD&rclk=1
Pooja's Parlour,Beauty Parlour,"XQJ2+XVQ, Swaraj Nagar, Beed, Maharashtra 431122",,,,,,"
Restaurants

Hotels

Things to do

Transit

Parking

Pharmacies

ATMs",https://www.google.com/maps/place/Pooja%27s+Parlour/data=!4m7!3m6!1s0x3bc52b00772c788d:0x55d36adbc6e4374b!8m2!3d18.9824602!4d75.7522292!16s%2Fg%2F11zh3wc2gv!19sChIJjXgsdwArxTsRSzfkxttq01U?authuser=0&hl=en&g_ep=EgoyMDI2MDkyMy4wIJJjKgBIAVAD&rclk=1
3k Hair salon,Hair salon,"1-9-10, Azizpura Rd, Dhundi Pura, Bir, Beed, Maharashtra 431122","Plus code: XQP5+WG Beed, Maharashtra",07030404011,,2.3,(3),"
Restaurants

Hotels

Things to do

Transit

Parking

Pharmacies

ATMs",https://www.google.com/maps/place/3k+Hair+salon/data=!4m7!3m6!1s0x3bc52b7ae12f723d:0x330fb378dec493bb!8m2!3d18.9873139!4d75.7588334!16s%2Fg%2F11snwzm8t9!19sChIJPXIv4XorxTsRu5PE3nizDzM?authuser=0&hl=en&g_ep=EgoyMDI2MDkyMy4wIJJjKgBIAVAD&rclk=1
Priyanka Beauty Parlour Beed,Beauty Parlour,"Priyanka Beauty Parlour & Makeup studio, Rajiv Nagar, Dhanora Rd, Mahatma Phule Nagar, Beed, Maharashtra 431122","Plus code: XPQR+6V Beed, Maharashtra",08975160271,,,,"
Restaurants

Hotels

Things to do

Transit

Parking

Pharmacies

ATMs",https://www.google.com/maps/place/Priyanka+Beauty+Parlour+Beed/data=!4m7!3m6!1s0x3bc52ac1ed498569:0x3c7093111f327e71!8m2!3d18.9880194!4d75.7421514!16s%2Fg%2F11vkz31whw!19sChIJaYVJ7cEqxTsRcX4yHxGTcDw?authuser=0&hl=en&g_ep=EgoyMDI2MDkyMy4wIJJjKgBIAVAD&rclk=1
Kasturi makeover professional beauti parlour and training institute,Beauty Parlour,"canal road Shinde Nagar phase 1 Beed, 1, Canal Rd, Shinde Nagar, Beed, Maharashtra 431122","Plus code: 2P4X+3P Beed, Maharashtra",09325044162,,,,"
Restaurants

Hotels

Things to do

Transit

Parking

Pharmacies

ATMs",https://www.google.com/maps/place/Kasturi+makeover+professional+beauti+parlour+and+training+institute/data=!4m7!3m6!1s0x3bc52ba1ae29677d:0x4622f7baad4081c0!8m2!3d19.0052387!4d75.7493172!16s%2Fg%2F11vm6sx6nm!19sChIJfWcprqErxTsRwIFArbr3IkY?authuser=0&hl=en&g_ep=EgoyMDI2MDkyMy4wIJJjKgBIAVAD&rclk=1
NEXA HAIR SALON,Hair salon,"Zum Zum Colony, Kausar Nagar, Bir, Beed, Maharashtra 431122","Plus code: XQM4+2V Beed, Maharashtra",09545333378,,,,"
Restaurants

Hotels

Things to do

Transit

Parking

Pharmacies

ATMs",https://www.google.com/maps/place/NEXA+HAIR+SALON/data=!4m7!3m6!1s0x3bc52bcfa29c6779:0x5a7cef5e224955fe!8m2!3d18.9825255!4d75.7571444!16s%2Fg%2F11zx77lwb_!19sChIJeWecos8rxTsR_lVJIl7vfFo?authuser=0&hl=en&g_ep=EgoyMDI2MDkyMy4wIJJjKgBIAVAD&rclk=1
Glamour Beauty Parlour,Beauty Parlour,"Shikshak colony, 1, Canal Rd, Shinde Nagar, Beed, Maharashtra 431122","Plus code: 2P3W+PJ Beed, Maharashtra",09689230561,,,,"
Restaurants

Hotels

Things to do

Transit

Parking

Pharmacies

ATMs",https://www.google.com/maps/place/Glamour+Beauty+Parlour/data=!4m7!3m6!1s0x3bc52b37f2db936b:0x337290fdecaac8ee!8m2!3d19.0042688!4d75.7465786!16s%2Fg%2F11pcrh463j!19sChIJa5Pb8jcrxTsR7siq7P2QcjM?authuser=0&hl=en&g_ep=EgoyMDI2MDkyMy4wIJJjKgBIAVAD&rclk=1
Nikita beauty parlour,Beauty Parlour,"Chakradhar nagar, Shivrana Nagar, Beed, Maharashtra 431122","Plus code: 2P2W+45 Beed, Maharashtra",,,4.0,(1),"
Restaurants

Hotels

Things to do

Transit

Parking

Pharmacies

ATMs",https://www.google.com/maps/place/Nikita+beauty+parlour/data=!4m7!3m6!1s0x3bc52b51ffb47d73:0x2aa1fa95d42ecbd9!8m2!3d19.000273!4d75.7454066!16s%2Fg%2F11llylv7qd!19sChIJc320_1ErxTsR2csu1JX6oSo?authuser=0&hl=en&g_ep=EgoyMDI2MDkyMy4wIJJjKgBIAVAD&rclk=1
Diamond Hair Salon,Hair salon,"Shop No 1, Canol Road, near Dhanraj Medical Bhagwan Baba Chowk, Shriram Nagar, Beed, Maharashtra 431122","Plus code: XPVW+47 Beed, Maharashtra",09657393680,,,,"
Directions

Save

Nearby

Send to phone

Share",https://www.google.com/maps/place/Diamond+Hair+Salon/data=!4m7!3m6!1s0x3bc52b171525aab5:0x1c666979033af66a!8m2!3d18.9928503!4d75.7457281!16s%2Fg%2F11sw0d5cdx!19sChIJtaolFRcrxTsRavY6A3lpZhw?authuser=0&hl=en&g_ep=EgoyMDI2MDkyMy4wIJJjKgBIAVAD&rclk=1
Sonpari Beauty Parlour,Make-up artist,"Shop 1, Hiralal Chauk, Burud Galli Rd, Shaniwar Peth, Vipra Nagar, Beed, Maharashtra 431122","Plus code: XQR8+XQ Beed, Maharashtra",07020404051,,,,"
Restaurants

Hotels

Things to do

Transit

Parking

Pharmacies

ATMs",https://www.google.com/maps/place/Sonpari+Beauty+Parlour/data=!4m7!3m6!1s0x3bc52bb6a575bdbd:0x40036025b1a95f80!8m2!3d18.9924049!4d75.7669025!16s%2Fg%2F11rf9_sglw!19sChIJvb11pbYrxTsRgF-psSVgA0A?authuser=0&hl=en&g_ep=EgoyMDI2MDkyMy4wIJJjKgBIAVAD&rclk=1
"JANATA HAIR CUTTING SALON, BEED.",Hair salon,"TULJAI CHOWK, Shop 2 KSK COLLAGE, ROAD, near MATOSHREE HOSPTIAL, Beed, Maharashtra 431122","Plus code: XPPW+23 Beed, Maharashtra",09623258088,,,,"
Restaurants

Hotels

Things to do

Transit

Parking

Pharmacies

ATMs","https://www.google.com/maps/place/JANATA+HAIR+CUTTING+SALON,+BEED./data=!4m7!3m6!1s0x3bc52b78f1cea625:0x2c7506c06232edd5!8m2!3d18.985122!4d75.7451517!16s%2Fg%2F11l1d69xfh!19sChIJJabO8XgrxTsR1e0yYsAGdSw?authuser=0&hl=en&g_ep=EgoyMDI2MDkyMy4wIJJjKgBIAVAD&rclk=1"
Satyam Hair Salon,,"XQRF+V34, Eidgah Rd, Shree Swami Samarth, Beed, Maharashtra 431122",,,,,,"
Directions

Save

Nearby

Send to phone

Share",https://www.google.com/maps/place/Satyam+Hair+Salon/data=!4m7!3m6!1s0x3bc52b3cd76947a3:0x7d4e721c03ec4ba3!8m2!3d18.9921334!4d75.7726966!16s%2Fg%2F11ntcg0h9f!19sChIJo0dp1zwrxTsRo0vsAxxyTn0?authuser=0&hl=en&g_ep=EgoyMDI2MDkyMy4wIJJjKgBIAVAD&rclk=1
Blavishhairstudio (hair saloon) बी लैविश हेयर सलून,Barber shop,"BARSHI NAKA, near Galaxy Lawns Road, Bid Rural, Prakash Ambedkar Nagar, Beed, Maharashtra 431122","Plus code: XQH8+22 Beed, Maharashtra",09975614336,,5.0,(2),"
Restaurants

Hotels

Things to do

Transit

Parking

Pharmacies

ATMs",https://www.google.com/maps/place/Blavishhairstudio+%28hair+saloon%29+%E0%A4%AC%E0%A5%80+%E0%A4%B2%E0%A5%88%E0%A4%B5%E0%A4%BF%E0%A4%B6+%E0%A4%B9%E0%A5%87%E0%A4%AF%E0%A4%B0+%E0%A4%B8%E0%A4%B2%E0%A5%82%E0%A4%A8/data=!4m7!3m6!1s0x3bc52be31ecea753:0x4ec04ae969bfa8c4!8m2!3d18.9775089!4d75.7650259!16s%2Fg%2F11vlmp3bf1!19sChIJU6fOHuMrxTsRxKi_aelKwE4?authuser=0&hl=en&g_ep=EgoyMDI2MDkyMy4wIJJjKgBIAVAD&rclk=1
Beauty paradise salon,,"Laxminarayan mandir vithal mandir chauk peth, Vipra Nagar, Beed, Maharashtra 431122","Plus code: XQW8+9G Beed, Maharashtra",09921758884,,,,"
Restaurants

Hotels

Things to do

Transit

Parking

Pharmacies

ATMs",https://www.google.com/maps/place/Beauty+paradise+salon/data=!4m7!3m6!1s0x3bc52b99105c6bab:0x524b51dfe2d21d96!8m2!3d18.995876!4d75.766353!16s%2Fg%2F11s74wgwvh!19sChIJq2tcEJkrxTsRlh3S4t9RS1I?authuser=0&hl=en&g_ep=EgoyMDI2MDkyMy4wIJJjKgBIAVAD&rclk=1
Looks makeup studio and Beauty salon,,"Canal Rd, opposite Ramkrishna Lawns complex, India Bank Colony, Beed, Maharashtra 431122","Plus code: 2P2X+RM Beed, Maharashtra",,,,,"
Restaurants

Hotels

Things to do

Transit

Parking

Pharmacies

ATMs",https://www.google.com/maps/place/Looks+makeup+studio+and+Beauty+salon/data=!4m7!3m6!1s0x3bc52b6a36519955:0x80499753059c0e4c!8m2!3d19.0021066!4d75.7491506!16s%2Fg%2F11lcl7p1mk!19sChIJVZlRNmorxTsRTA6cBVOXSYA?authuser=0&hl=en&g_ep=EgoyMDI2MDkyMy4wIJJjKgBIAVAD&rclk=1
Khushi Beauty Parlour,Massage spa,"Shop No.1, Teli Galli, Raviwar Peth, Beed, Maharashtra 431122","Plus code: XQR8+PJ Beed, Maharashtra",07709206309,,,,"
Directions

Save

Nearby

Send to phone

Share",https://www.google.com/maps/place/Khushi+Beauty+Parlour/data=!4m7!3m6!1s0x3bc52b658ae60cd9:0x99548c2587ccaf17!8m2!3d18.9918491!4d75.7665106!16s%2Fg%2F11s0tmvn55!19sChIJ2QzmimUrxTsRF6_MhyWMVJk?authuser=0&hl=en&g_ep=EgoyMDI2MDkyMy4wIJJjKgBIAVAD&rclk=1
Akash Hair Salon,Hair salon,"Shop 1 Navi Bhaji Mandi Ambedkar Putala, Bhaji Mandhi Rd, Rod, Beed, Maharashtra 431122","Plus code: XQR8+Q7 Beed, Maharashtra",09689772941,,,,"
Restaurants

Hotels

Things to do

Transit

Parking

Pharmacies

ATMs",https://www.google.com/maps/place/Akash+Hair+Salon/data=!4m7!3m6!1s0x3bc52b0603a3b3b7:0xbb1ec52d65cc2008!8m2!3d18.9919558!4d75.765685!16s%2Fg%2F11rfb1k2zz!19sChIJt7OjAwYrxTsRCCDMZS3FHrs?authuser=0&hl=en&g_ep=EgoyMDI2MDkyMy4wIJJjKgBIAVAD&rclk=1
HAIR KALA MENS SALON,Hair salon,"Shop No 1, Pangari Rd, opp. Varad Medical, near Santbhumi Urban Ambika Chowk, Beed, Maharashtra 431122","Plus code: XPXX+63 Beed, Maharashtra",08806643115,,,,"
Restaurants

Hotels

Things to do

Transit

Parking

Pharmacies

ATMs",https://www.google.com/maps/place/HAIR+KALA+MENS+SALON/data=!4m7!3m6!1s0x3bc52b35fe11218d:0xb03ea40ce417d480!8m2!3d18.9980659!4d75.7476526!16s%2Fg%2F11vjt0wy_c!19sChIJjSER_jUrxTsRgNQX5AykPrA?authuser=0&hl=en&g_ep=EgoyMDI2MDkyMy4wIJJjKgBIAVAD&rclk=1
Amul Store Ice Cream Parlour,Ice cream shop,"Beed, Maharashtra 431122","Plus code: XQW4+6X Beed, Maharashtra",,,4.0,(131),"
Nearby restaurants

Hotels

Things to do

Bars

Coffee

Takeout

Groceries",https://www.google.com/maps/place/Amul+Store+Ice+Cream+Parlour/data=!4m7!3m6!1s0x3bc52ad8e102d6cb:0x81cf0dad961a3a67!8m2!3d18.9955913!4d75.7574872!16s%2Fg%2F11c533vx4j!19sChIJy9YC4dgqxTsRZzoalq0Nz4E?authuser=0&hl=en&g_ep=EgoyMDI2MDkyMy4wIJJjKgBIAVAD&rclk=1
Priti Beauty Parlour,Beauty Parlour,"13-331, Pimpargavan Rd, Dnyaneshwar Nagar, Suhash Colony, Beed, Maharashtra 431122","Plus code: XPXR+WG Beed, Maharashtra",,,,,"
Restaurants

Hotels

Things to do

Transit

Parking

Pharmacies

ATMs",https://www.google.com/maps/place/Priti+Beauty+Parlour/data=!4m7!3m6!1s0x3bc52ac8ebcbb9c3:0xc305ccc00e6d061b!8m2!3d18.9998265!4d75.741306!16s%2Fg%2F11l6tlwsbk!19sChIJw7nL68gqxTsRGwZtDsDMBcM?authuser=0&hl=en&g_ep=EgoyMDI2MDkyMy4wIJJjKgBIAVAD&rclk=1
Sanskruti Beauty Parlour,Beauty Parlour,"Shop No. 01, Mitra Nagar, Datta Nagar, Beed, Maharashtra 431122","Plus code: XQP2+4H Beed, Maharashtra",08605238916,,1.0,(1),"
Restaurants

Hotels

Things to do

Transit

Parking

Pharmacies

ATMs",https://www.google.com/maps/place/Sanskruti+Beauty+Parlour/data=!4m7!3m6!1s0x3bc52b1907ae2de1:0x346e50ffea0e9332!8m2!3d18.985291!4d75.7514819!16s%2Fg%2F11s0xt3zgc!19sChIJ4S2uBxkrxTsRMpMO6v9QbjQ?authuser=0&hl=en&g_ep=EgoyMDI2MDkyMy4wIJJjKgBIAVAD&rclk=1
Hair salon professional,Store,"XQH5+VJ8, Kausar Nagar, Bir, Beed, Maharashtra 431122",,,,,,"
Restaurants

Hotels

Things to do

Transit

Parking

Pharmacies

ATMs",https://www.google.com/maps/place/Hair+salon+professional/data=!4m7!3m6!1s0x3bc52b0000ed4a81:0xf37671b1292fe21a!8m2!3d18.9796512!4d75.759066!16s%2Fg%2F11zxv5h1p2!19sChIJgUrtAAArxTsRGuIvKbFxdvM?authuser=0&hl=en&g_ep=EgoyMDI2MDkyMy4wIJJjKgBIAVAD&rclk=1
Dulhan Beauty Parlour,Health spa,"Shop No 1 Vishwakunj, India Bank Colony, Beed, Maharashtra 431122","Plus code: 2Q32+2H Beed, Maharashtra",07020419470,,,,"
Restaurants

Hotels

Things to do

Transit

Parking

Pharmacies

ATMs",https://www.google.com/maps/place/Dulhan+Beauty+Parlour/data=!4m7!3m6!1s0x3bc52ba45b02ca21:0x1037322b3e20bcd6!8m2!3d19.002555!4d75.751441!16s%2Fg%2F11t29dw__b!19sChIJIcoCW6QrxTsR1rwgPisyNxA?authuser=0&hl=en&g_ep=EgoyMDI2MDkyMy4wIJJjKgBIAVAD&rclk=1
Sairaj Gents Parlar,Hair salon,"Shop No, Saubhagya Lawns, 1, Pangari Rd, Chakradhar nagar, Shivrana Nagar, Beed, Maharashtra 431122","Plus code: 2P2W+3F Beed, Maharashtra",08888156874,,,,"
Restaurants

Hotels

Things to do

Transit

Parking

Pharmacies

ATMs",https://www.google.com/maps/place/Sairaj+Gents+Parlar/data=!4m7!3m6!1s0x3bc52b2b3dc7ff85:0x669ee9a64f510981!8m2!3d19.0001508!4d75.7461375!16s%2Fg%2F11p673cn5s!19sChIJhf_HPSsrxTsRgQlRT6bpnmY?authuser=0&hl=en&g_ep=EgoyMDI2MDkyMy4wIJJjKgBIAVAD&rclk=1
Asmita Beauty parlour.,Beauty Parlour,"XPHX+964, Naveen saraswati Shalechya bajula, Juna Dhanora Rd, rod, Beed, Maharashtra 431122",,,,,,"
Restaurants

Hotels

Things to do

Transit

Parking

Pharmacies

ATMs","https://www.google.com/maps/place/Asmita+Beauty+parlour./@18.9783885,75.7480897,17z/data=!3m1!4b1!4m6!3m5!1s0x3bc52b00052d95d9:0xdbbd033452928749!8m2!3d18.9783885!4d75.7480897!16s%2Fg%2F11nv288zs4?authuser=0&hl=en&entry=ttu&g_ep=EgoyMDI2MDkyMy4wIKXMDSoASAFQAw%3D%3D"
Sharddha Beauty Parlour,Health and beauty shop,"Shop No, 1 Peth, Beed, Maharashtra 431122","Plus code: XQRC+F9 Beed, Maharashtra",09657101473,,,,"
Restaurants

Hotels

Things to do

Transit

Parking

Pharmacies

ATMs",https://www.google.com/maps/place/Sharddha+Beauty+Parlour/data=!4m7!3m6!1s0x3bc52b2d1df16b19:0xe6d6cb59e42e4444!8m2!3d18.9911852!4d75.7709777!16s%2Fg%2F11xs8qk4cr!19sChIJGWvxHS0rxTsRREQu5FnL1uY?authuser=0&hl=en&g_ep=EgoyMDI2MDkyMy4wIJJjKgBIAVAD&rclk=1
Gugaladevi Kesh Rachana SUDAMATI RAMDAS KSHIRSAGAR,Hair salon,"It Fata, Shop No 2 Main Road It Fata, Beed PImpalner Rd, Beed, Maharashtra 431122","Plus code: XQVG+7P Beed, Maharashtra",09011994302,,,,"
Restaurants

Hotels

Things to do

Transit

Parking

Pharmacies

ATMs",https://www.google.com/maps/place/Gugaladevi+Kesh+Rachana+SUDAMATI+RAMDAS+KSHIRSAGAR/data=!4m7!3m6!1s0x3bc52b2fc63a4709:0xb9c73a0a3a6d016c!8m2!3d18.9931962!4d75.7767623!16s%2Fg%2F11zwqnfnfc!19sChIJCUc6xi8rxTsRbAFtOgo6x7k?authuser=0&hl=en&g_ep=EgoyMDI2MDkyMy4wIJJjKgBIAVAD&rclk=1
3K hair salon balepir beed,Barber shop,"XPRM+Q7R, Balepir, Beed, Maharashtra 431122",,,,5.0,(2),"
Restaurants

Hotels

Things to do

Transit

Parking

Pharmacies

ATMs",https://www.google.com/maps/place/3K+hair+salon+balepir+beed/data=!4m7!3m6!1s0x3bc52b00741afced:0x5851e47e09ef6b7c!8m2!3d18.9919931!4d75.7331526!16s%2Fg%2F11yk5q6djw!19sChIJ7fwadAArxTsRfGvvCX7kUVg?authuser=0&hl=en&g_ep=EgoyMDI2MDkyMy4wIJJjKgBIAVAD&rclk=1
I glow parlour & makeup studio,Beauty Parlour,"XQW5+26R, Sneh Nagar, Beed, Maharashtra 431122",,,,,,"
Restaurants

Hotels

Things to do

Transit

Parking

Pharmacies

ATMs",https://www.google.com/maps/place/I+glow+parlour+%26+makeup+studio/data=!4m7!3m6!1s0x3bc52b0063f4bc37:0x673ea0b47640ebbb!8m2!3d18.9951113!4d75.7581605!16s%2Fg%2F11y67nh2c3!19sChIJN7z0YwArxTsRu-tAdrSgPmc?authuser=0&hl=en&g_ep=EgoyMDI2MDkyMy4wIJJjKgBIAVAD&rclk=1
"Angel Beauty Parlour, chandrakala building beed",Beauty Parlour,"Angel Beauty Parlour, Chandrakala building, Bhakkti construction, Beed, Maharashtra 431122","Plus code: XPWV+27 Beed, Maharashtra",,,,,"
Restaurants

Hotels

Things to do

Transit

Parking

Pharmacies

ATMs","https://www.google.com/maps/place/Angel+Beauty+Parlour,+chandrakala+building+beed/data=!4m7!3m6!1s0x3bc52b004829f5cd:0x8984fa6c912e5f41!8m2!3d18.9951069!4d75.7431431!16s%2Fg%2F11n9v9lk_z!19sChIJzfUpSAArxTsRQV8ukWz6hIk?authuser=0&hl=en&g_ep=EgoyMDI2MDkyMy4wIJJjKgBIAVAD&rclk=1"
New Sudarshan Jents Parlar,Hair salon,"Shop No, Surya Lons, 01, Canal Rd, opp. Beed, Shivrana Nagar, Beed, Maharashtra 431122","Plus code: XPXX+X7 Beed, Maharashtra",09503273777,,4.0,(1),"
Restaurants

Hotels

Things to do

Transit

Parking

Pharmacies

ATMs",https://www.google.com/maps/place/New+Sudarshan+Jents+Parlar/data=!4m7!3m6!1s0x3bc52bafb7a1e407:0x2615997ee0fde590!8m2!3d18.9999556!4d75.7482329!16s%2Fg%2F11pf3n3103!19sChIJB-Sht68rxTsRkOX94H6ZFSY?authuser=0&hl=en&g_ep=EgoyMDI2MDkyMy4wIJJjKgBIAVAD&rclk=1
Rupsee beauty parlour,Beauty Parlour,"Mahesh chowk, Vipra Nagar, Beed, Maharashtra 431122","Plus code: XQX8+CH Beed, Maharashtra",,,,,"
Restaurants

Hotels

Things to do

Transit

Parking

Pharmacies

ATMs",https://www.google.com/maps/place/Rupsee+beauty+parlour/data=!4m7!3m6!1s0x3bc52b0056d7a571:0xbd0a76771cbc5b95!8m2!3d18.9985326!4d75.7664713!16s%2Fg%2F11ys_y4x55!19sChIJcaXXVgArxTsRlVu8HHd2Cr0?authuser=0&hl=en&g_ep=EgoyMDI2MDkyMy4wIJJjKgBIAVAD&rclk=1
Alisha beauty care parlour and shopee,Store,"L-31, Beed - Solapur Rd, Kausar Nagar, Laxman Nagar, Beed, Maharashtra 431122","Plus code: XQJ5+66 Beed, Maharashtra",,,,,"
Restaurants

Hotels

Things to do

Transit

Parking

Pharmacies

ATMs",https://www.google.com/maps/place/Alisha+beauty+care+parlour+and+shopee/data=!4m7!3m6!1s0x3bc52b00162bc629:0xacc2decd37bda5a!8m2!3d18.9805091!4d75.7580308!16s%2Fg%2F11z672s8ch!19sChIJKcYrFgArxTsRWtp70-wtzAo?authuser=0&hl=en&g_ep=EgoyMDI2MDkyMy4wIJJjKgBIAVAD&rclk=1
Rolex Hair Salon,Hair salon,"Shop Shop No 1, Tuljai Nagar Rd, opp. Om Electronic, near Pragati School, Balepir, Beed, Maharashtra 431122","Plus code: XPRJ+MF Beed, Maharashtra",09527210817,,,,"
Restaurants

Hotels

Things to do

Transit

Parking

Pharmacies

ATMs",https://www.google.com/maps/place/Rolex+Hair+Salon/data=!4m7!3m6!1s0x3bc52b15ae89e2c3:0xc5454e531eff5c25!8m2!3d18.991675!4d75.7312454!16s%2Fg%2F11krhpc5vz!19sChIJw-KJrhUrxTsRJVz_HlNORcU?authuser=0&hl=en&g_ep=EgoyMDI2MDkyMy4wIJJjKgBIAVAD&rclk=1
Reshma's Beauty parlour,Beauty Parlour,"XPWR+P3Q, Eknath Nagar, Beed, Maharashtra 431122",,,,,,"
Restaurants

Hotels

Things to do

Transit

Parking

Pharmacies

ATMs",https://www.google.com/maps/place/Reshma%27s+Beauty+parlour/data=!4m7!3m6!1s0x3bc52b006706cf97:0x8f152144fd2f0e04!8m2!3d18.9968436!4d75.7402497!16s%2Fg%2F11z0z1zm24!19sChIJl88GZwArxTsRBA4v_UQhFY8?authuser=0&hl=en&g_ep=EgoyMDI2MDkyMy4wIJJjKgBIAVAD&rclk=1
Swara Beauty Parlour Miss SUBHIDRA UTTAM TOTE,Make-up artist,"Shop No 4 Nagar Road, Fata, Charatha, Beed, Maharashtra 431122","Plus code: XPRF+X5 Charatha, Maharashtra",09168921935,,,,"
Restaurants

Hotels

Things to do

Transit

Parking

Pharmacies

ATMs",https://www.google.com/maps/place/Swara+Beauty+Parlour+Miss+SUBHIDRA+UTTAM+TOTE/data=!4m7!3m6!1s0x3bc52b9b77c7b8bb:0x2ba6891fc58c7efe!8m2!3d18.9924783!4d75.7229877!16s%2Fg%2F11vpt6qdt6!19sChIJu7jHd5srxTsR_n6MxR-Jpis?authuser=0&hl=en&g_ep=EgoyMDI2MDkyMy4wIJJjKgBIAVAD&rclk=1
SHRADDHA BEAUTY PARLOUR,Health and beauty shop,"Dhande Galli Karanja Road, Pingale Nagar, Datta Nagar, Beed, Maharashtra 431122","Plus code: XPMR+FR Beed, Maharashtra",07773932315,,,,"
Restaurants

Hotels

Things to do

Transit

Parking

Pharmacies

ATMs",https://www.google.com/maps/place/SHRADDHA+BEAUTY+PARLOUR/data=!4m7!3m6!1s0x3bc52b041325ac91:0xc027de934e885f06!8m2!3d18.9836833!4d75.7420435!16s%2Fg%2F11mrc7p3gn!19sChIJkawlEwQrxTsRBl-ITpPeJ8A?authuser=0&hl=en&g_ep=EgoyMDI2MDkyMy4wIJJjKgBIAVAD&rclk=1
Trisha beauty parlour,Beauty Parlour,"Ganesh nagar, Datta Nagar, Beed, Maharashtra 431122","Plus code: XQR3+27 Beed, Maharashtra",07387451111,,,,"
Restaurants

Hotels

Things to do

Transit

Parking

Pharmacies

ATMs",https://www.google.com/maps/place/Trisha+beauty+parlour/data=!4m7!3m6!1s0x3bc52b8d1f449821:0x12c58770e7ead010!8m2!3d18.990088!4d75.7531324!16s%2Fg%2F11xnxqt3pz!19sChIJIZhEH40rxTsRENDq53CHxRI?authuser=0&hl=en&g_ep=EgoyMDI2MDkyMy4wIJJjKgBIAVAD&rclk=1
Aarohi Beauty Parlour,Health spa,"Shop No 1, Radhe Krushna Kunch, Satwai Maidan, Beed, Maharashtra 431122","Plus code: XQW6+68 Beed, Maharashtra",07448030755,,,,"
Restaurants

Hotels

Things to do

Transit

Parking

Pharmacies

ATMs",https://www.google.com/maps/place/Aarohi+Beauty+Parlour/data=!4m7!3m6!1s0x3bc52b6de2aaf7c3:0xcb12e46b4d30bf89!8m2!3d18.9955873!4d75.760844!16s%2Fg%2F11mcwb5f9g!19sChIJw_eq4m0rxTsRib8wTWvkEss?authuser=0&hl=en&g_ep=EgoyMDI2MDkyMy4wIJJjKgBIAVAD&rclk=1
